Mentor ID,Mentor Name,Domain,Required SEO Image Filename,Profile URL
FCS-M032,Meera Bhardwaj,Artificial Intelligence,meera-bhardwaj-ai-trainer-jaipur-forsk-coding-school.webp,https://forskcodingschool.com/mentors/meera-bhardwaj-ai-trainer-jaipur/
FCS-M033,Ananya Choudhary,Artificial Intelligence,ananya-choudhary-ai-trainer-jaipur-forsk-coding-school.webp,https://forskcodingschool.com/mentors/ananya-choudhary-ai-trainer-jaipur/
FCS-M034,Vishal Menon,Artificial Intelligence,vishal-menon-ai-trainer-jaipur-forsk-coding-school.webp,https://forskcodingschool.com/mentors/vishal-menon-ai-trainer-jaipur/
FCS-M035,Tushar Saxena,Artificial Intelligence,tushar-saxena-ai-trainer-jaipur-forsk-coding-school.webp,https://forskcodingschool.com/mentors/tushar-saxena-ai-trainer-jaipur/
FCS-M036,Pooja Tiwari,Artificial Intelligence,pooja-tiwari-ai-trainer-jaipur-forsk-coding-school.webp,https://forskcodingschool.com/mentors/pooja-tiwari-ai-trainer-jaipur/
FCS-M037,Diya Narula,Artificial Intelligence,diya-narula-ai-trainer-jaipur-forsk-coding-school.webp,https://forskcodingschool.com/mentors/diya-narula-ai-trainer-jaipur/
FCS-M038,Nikita Reddy,Artificial Intelligence,nikita-reddy-ai-trainer-jaipur-forsk-coding-school.webp,https://forskcodingschool.com/mentors/nikita-reddy-ai-trainer-jaipur/
FCS-M039,Yashika Jain,Artificial Intelligence,yashika-jain-ai-trainer-jaipur-forsk-coding-school.webp,https://forskcodingschool.com/mentors/yashika-jain-ai-trainer-jaipur/
FCS-M040,Ankit Khanna,Artificial Intelligence,ankit-khanna-ai-trainer-jaipur-forsk-coding-school.webp,https://forskcodingschool.com/mentors/ankit-khanna-ai-trainer-jaipur/
FCS-M041,Gauri Kohli,Generative AI & LLMs,gauri-kohli-generative-ai-trainer-jaipur-forsk-coding-school.webp,https://forskcodingschool.com/mentors/gauri-kohli-generative-ai-trainer-jaipur/
FCS-M042,Harsh Anand,Generative AI & LLMs,harsh-anand-generative-ai-trainer-jaipur-forsk-coding-school.webp,https://forskcodingschool.com/mentors/harsh-anand-generative-ai-trainer-jaipur/
FCS-M043,Saurabh Mittal,Generative AI & LLMs,saurabh-mittal-generative-ai-trainer-jaipur-forsk-coding-school.webp,https://forskcodingschool.com/mentors/saurabh-mittal-generative-ai-trainer-jaipur/
FCS-M044,Diya Shah,Generative AI & LLMs,diya-shah-generative-ai-trainer-jaipur-forsk-coding-school.webp,https://forskcodingschool.com/mentors/diya-shah-generative-ai-trainer-jaipur/
FCS-M045,Vaishnavi Mittal,Generative AI & LLMs,vaishnavi-mittal-generative-ai-trainer-jaipur-forsk-coding-school.webp,https://forskcodingschool.com/mentors/vaishnavi-mittal-generative-ai-trainer-jaipur/
FCS-M046,Ishita Purohit,Generative AI & LLMs,ishita-purohit-generative-ai-trainer-jaipur-forsk-coding-school.webp,https://forskcodingschool.com/mentors/ishita-purohit-generative-ai-trainer-jaipur/
FCS-M047,Vedant Pandey,Generative AI & LLMs,vedant-pandey-generative-ai-trainer-jaipur-forsk-coding-school.webp,https://forskcodingschool.com/mentors/vedant-pandey-generative-ai-trainer-jaipur/
FCS-M048,Kanika Tiwari,Generative AI & LLMs,kanika-tiwari-generative-ai-trainer-jaipur-forsk-coding-school.webp,https://forskcodingschool.com/mentors/kanika-tiwari-generative-ai-trainer-jaipur/
FCS-M049,Siddharth Arora,Generative AI & LLMs,siddharth-arora-generative-ai-trainer-jaipur-forsk-coding-school.webp,https://forskcodingschool.com/mentors/siddharth-arora-generative-ai-trainer-jaipur/
FCS-M050,Shruti Prasad,Generative AI & LLMs,shruti-prasad-generative-ai-trainer-jaipur-forsk-coding-school.webp,https://forskcodingschool.com/mentors/shruti-prasad-generative-ai-trainer-jaipur/
FCS-M051,Priya Rao,Python Programming,priya-rao-python-trainer-jaipur-forsk-coding-school.webp,https://forskcodingschool.com/mentors/priya-rao-python-trainer-jaipur/
FCS-M052,Kabir Bose,Python Programming,kabir-bose-python-trainer-jaipur-forsk-coding-school.webp,https://forskcodingschool.com/mentors/kabir-bose-python-trainer-jaipur/
FCS-M053,Siya Mathur,Python Programming,siya-mathur-python-trainer-jaipur-forsk-coding-school.webp,https://forskcodingschool.com/mentors/siya-mathur-python-trainer-jaipur/
FCS-M054,Shubham Saxena,Python Programming,shubham-saxena-python-trainer-jaipur-forsk-coding-school.webp,https://forskcodingschool.com/mentors/shubham-saxena-python-trainer-jaipur/
FCS-M055,Akash Jain,Python Programming,akash-jain-python-trainer-jaipur-forsk-coding-school.webp,https://forskcodingschool.com/mentors/akash-jain-python-trainer-jaipur/
FCS-M056,Aditya Bhardwaj,Python Programming,aditya-bhardwaj-python-trainer-jaipur-forsk-coding-school.webp,https://forskcodingschool.com/mentors/aditya-bhardwaj-python-trainer-jaipur/
FCS-M057,Diya Yadav,Python Programming,diya-yadav-python-trainer-jaipur-forsk-coding-school.webp,https://forskcodingschool.com/mentors/diya-yadav-python-trainer-jaipur/
FCS-M058,Manish Purohit,Python Programming,manish-purohit-python-trainer-jaipur-forsk-coding-school.webp,https://forskcodingschool.com/mentors/manish-purohit-python-trainer-jaipur/
FCS-M059,Aarohi Yadav,Python Programming,aarohi-yadav-python-trainer-jaipur-forsk-coding-school.webp,https://forskcodingschool.com/mentors/aarohi-yadav-python-trainer-jaipur/
FCS-M060,Khushi Goyal,Python Programming,khushi-goyal-python-trainer-jaipur-forsk-coding-school.webp,https://forskcodingschool.com/mentors/khushi-goyal-python-trainer-jaipur/
FCS-M061,Aditi Dutta,SQL & Database Development,aditi-dutta-sql-trainer-jaipur-forsk-coding-school.webp,https://forskcodingschool.com/mentors/aditi-dutta-sql-trainer-jaipur/
FCS-M062,Sameer Arora,SQL & Database Development,sameer-arora-sql-trainer-jaipur-forsk-coding-school.webp,https://forskcodingschool.com/mentors/sameer-arora-sql-trainer-jaipur/
FCS-M063,Dhruv Iyer,SQL & Database Development,dhruv-iyer-sql-trainer-jaipur-forsk-coding-school.webp,https://forskcodingschool.com/mentors/dhruv-iyer-sql-trainer-jaipur/
FCS-M064,Ishita Yadav,SQL & Database Development,ishita-yadav-sql-trainer-jaipur-forsk-coding-school.webp,https://forskcodingschool.com/mentors/ishita-yadav-sql-trainer-jaipur/
FCS-M065,Rohan Vyas,SQL & Database Development,rohan-vyas-sql-trainer-jaipur-forsk-coding-school.webp,https://forskcodingschool.com/mentors/rohan-vyas-sql-trainer-jaipur/
FCS-M066,Pranav Shah,SQL & Database Development,pranav-shah-sql-trainer-jaipur-forsk-coding-school.webp,https://forskcodingschool.com/mentors/pranav-shah-sql-trainer-jaipur/
FCS-M067,Harsh Mathur,SQL & Database Development,harsh-mathur-sql-trainer-jaipur-forsk-coding-school.webp,https://forskcodingschool.com/mentors/harsh-mathur-sql-trainer-jaipur/
FCS-M068,Ojasvi Goel,SQL & Database Development,ojasvi-goel-sql-trainer-jaipur-forsk-coding-school.webp,https://forskcodingschool.com/mentors/ojasvi-goel-sql-trainer-jaipur/
FCS-M069,Vani Saini,SQL & Database Development,vani-saini-sql-trainer-jaipur-forsk-coding-school.webp,https://forskcodingschool.com/mentors/vani-saini-sql-trainer-jaipur/
FCS-M070,Meera Pawar,SQL & Database Development,meera-pawar-sql-trainer-jaipur-forsk-coding-school.webp,https://forskcodingschool.com/mentors/meera-pawar-sql-trainer-jaipur/
FCS-M071,Riya Jadhav,Excel & Advanced Excel,riya-jadhav-advanced-excel-trainer-jaipur-forsk-coding-school.webp,https://forskcodingschool.com/mentors/riya-jadhav-advanced-excel-trainer-jaipur/
FCS-M072,Mohit Iyer,Excel & Advanced Excel,mohit-iyer-advanced-excel-trainer-jaipur-forsk-coding-school.webp,https://forskcodingschool.com/mentors/mohit-iyer-advanced-excel-trainer-jaipur/
FCS-M073,Palak Maheshwari,Excel & Advanced Excel,palak-maheshwari-advanced-excel-trainer-jaipur-forsk-coding-school.webp,https://forskcodingschool.com/mentors/palak-maheshwari-advanced-excel-trainer-jaipur/
FCS-M074,Tamanna Chawla,Excel & Advanced Excel,tamanna-chawla-advanced-excel-trainer-jaipur-forsk-coding-school.webp,https://forskcodingschool.com/mentors/tamanna-chawla-advanced-excel-trainer-jaipur/
FCS-M075,Uday Khandelwal,Excel & Advanced Excel,uday-khandelwal-advanced-excel-trainer-jaipur-forsk-coding-school.webp,https://forskcodingschool.com/mentors/uday-khandelwal-advanced-excel-trainer-jaipur/
FCS-M076,Riya Kashyap,Excel & Advanced Excel,riya-kashyap-advanced-excel-trainer-jaipur-forsk-coding-school.webp,https://forskcodingschool.com/mentors/riya-kashyap-advanced-excel-trainer-jaipur/
FCS-M077,Tarun Jain,Excel & Advanced Excel,tarun-jain-advanced-excel-trainer-jaipur-forsk-coding-school.webp,https://forskcodingschool.com/mentors/tarun-jain-advanced-excel-trainer-jaipur/
FCS-M078,Sameer Roy,Excel & Advanced Excel,sameer-roy-advanced-excel-trainer-jaipur-forsk-coding-school.webp,https://forskcodingschool.com/mentors/sameer-roy-advanced-excel-trainer-jaipur/
FCS-M079,Vaishnavi Roy,Excel & Advanced Excel,vaishnavi-roy-advanced-excel-trainer-jaipur-forsk-coding-school.webp,https://forskcodingschool.com/mentors/vaishnavi-roy-advanced-excel-trainer-jaipur/
FCS-M080,Ananya Bajaj,Excel & Advanced Excel,ananya-bajaj-advanced-excel-trainer-jaipur-forsk-coding-school.webp,https://forskcodingschool.com/mentors/ananya-bajaj-advanced-excel-trainer-jaipur/
FCS-M081,Manish Bhardwaj,Power BI,manish-bhardwaj-power-bi-trainer-jaipur-forsk-coding-school.webp,https://forskcodingschool.com/mentors/manish-bhardwaj-power-bi-trainer-jaipur/
FCS-M082,Shubham Menon,Power BI,shubham-menon-power-bi-trainer-jaipur-forsk-coding-school.webp,https://forskcodingschool.com/mentors/shubham-menon-power-bi-trainer-jaipur/
FCS-M083,Jhanvi Saxena,Power BI,jhanvi-saxena-power-bi-trainer-jaipur-forsk-coding-school.webp,https://forskcodingschool.com/mentors/jhanvi-saxena-power-bi-trainer-jaipur/
FCS-M084,Ankit Anand,Power BI,ankit-anand-power-bi-trainer-jaipur-forsk-coding-school.webp,https://forskcodingschool.com/mentors/ankit-anand-power-bi-trainer-jaipur/
FCS-M085,Vivaan Bose,Power BI,vivaan-bose-power-bi-trainer-jaipur-forsk-coding-school.webp,https://forskcodingschool.com/mentors/vivaan-bose-power-bi-trainer-jaipur/
FCS-M086,Tarun Saxena,Power BI,tarun-saxena-power-bi-trainer-jaipur-forsk-coding-school.webp,https://forskcodingschool.com/mentors/tarun-saxena-power-bi-trainer-jaipur/
FCS-M087,Upasana Arora,Power BI,upasana-arora-power-bi-trainer-jaipur-forsk-coding-school.webp,https://forskcodingschool.com/mentors/upasana-arora-power-bi-trainer-jaipur/
FCS-M088,Aarav Desai,Power BI,aarav-desai-power-bi-trainer-jaipur-forsk-coding-school.webp,https://forskcodingschool.com/mentors/aarav-desai-power-bi-trainer-jaipur/
FCS-M089,Diya Mathur,Power BI,diya-mathur-power-bi-trainer-jaipur-forsk-coding-school.webp,https://forskcodingschool.com/mentors/diya-mathur-power-bi-trainer-jaipur/
FCS-M090,Parul Desai,Power BI,parul-desai-power-bi-trainer-jaipur-forsk-coding-school.webp,https://forskcodingschool.com/mentors/parul-desai-power-bi-trainer-jaipur/
FCS-M091,Tarun Bajaj,Tableau & Business Intelligence,tarun-bajaj-tableau-and-bi-trainer-jaipur-forsk-coding-school.webp,https://forskcodingschool.com/mentors/tarun-bajaj-tableau-and-bi-trainer-jaipur/
FCS-M092,Kabir Bhardwaj,Tableau & Business Intelligence,kabir-bhardwaj-tableau-and-bi-trainer-jaipur-forsk-coding-school.webp,https://forskcodingschool.com/mentors/kabir-bhardwaj-tableau-and-bi-trainer-jaipur/
FCS-M093,Kritika Narula,Tableau & Business Intelligence,kritika-narula-tableau-and-bi-trainer-jaipur-forsk-coding-school.webp,https://forskcodingschool.com/mentors/kritika-narula-tableau-and-bi-trainer-jaipur/
FCS-M094,Varun Bajaj,Tableau & Business Intelligence,varun-bajaj-tableau-and-bi-trainer-jaipur-forsk-coding-school.webp,https://forskcodingschool.com/mentors/varun-bajaj-tableau-and-bi-trainer-jaipur/
FCS-M095,Tarun Ghosh,Tableau & Business Intelligence,tarun-ghosh-tableau-and-bi-trainer-jaipur-forsk-coding-school.webp,https://forskcodingschool.com/mentors/tarun-ghosh-tableau-and-bi-trainer-jaipur/
FCS-M096,Vaishnavi Khandelwal,Tableau & Business Intelligence,vaishnavi-khandelwal-tableau-and-bi-trainer-jaipur-forsk-coding-school.webp,https://forskcodingschool.com/mentors/vaishnavi-khandelwal-tableau-and-bi-trainer-jaipur/
FCS-M097,Tarun Reddy,Tableau & Business Intelligence,tarun-reddy-tableau-and-bi-trainer-jaipur-forsk-coding-school.webp,https://forskcodingschool.com/mentors/tarun-reddy-tableau-and-bi-trainer-jaipur/
FCS-M098,Rajat Iyer,Tableau & Business Intelligence,rajat-iyer-tableau-and-bi-trainer-jaipur-forsk-coding-school.webp,https://forskcodingschool.com/mentors/rajat-iyer-tableau-and-bi-trainer-jaipur/
FCS-M099,Siya Reddy,Tableau & Business Intelligence,siya-reddy-tableau-and-bi-trainer-jaipur-forsk-coding-school.webp,https://forskcodingschool.com/mentors/siya-reddy-tableau-and-bi-trainer-jaipur/
FCS-M100,Priya Singhal,Tableau & Business Intelligence,priya-singhal-tableau-and-bi-trainer-jaipur-forsk-coding-school.webp,https://forskcodingschool.com/mentors/priya-singhal-tableau-and-bi-trainer-jaipur/
FCS-M101,Urvashi Patil,Business Analytics,urvashi-patil-business-analytics-trainer-jaipur-forsk-coding-school.webp,https://forskcodingschool.com/mentors/urvashi-patil-business-analytics-trainer-jaipur/
FCS-M102,Nikita Joshi,Business Analytics,nikita-joshi-business-analytics-trainer-jaipur-forsk-coding-school.webp,https://forskcodingschool.com/mentors/nikita-joshi-business-analytics-trainer-jaipur/
FCS-M103,Pooja Reddy,Business Analytics,pooja-reddy-business-analytics-trainer-jaipur-forsk-coding-school.webp,https://forskcodingschool.com/mentors/pooja-reddy-business-analytics-trainer-jaipur/
FCS-M104,Upasana Tiwari,Business Analytics,upasana-tiwari-business-analytics-trainer-jaipur-forsk-coding-school.webp,https://forskcodingschool.com/mentors/upasana-tiwari-business-analytics-trainer-jaipur/
FCS-M105,Manish Goel,Business Analytics,manish-goel-business-analytics-trainer-jaipur-forsk-coding-school.webp,https://forskcodingschool.com/mentors/manish-goel-business-analytics-trainer-jaipur/
FCS-M106,Zoya Prasad,Business Analytics,zoya-prasad-business-analytics-trainer-jaipur-forsk-coding-school.webp,https://forskcodingschool.com/mentors/zoya-prasad-business-analytics-trainer-jaipur/
FCS-M107,Ishaan Prasad,Business Analytics,ishaan-prasad-business-analytics-trainer-jaipur-forsk-coding-school.webp,https://forskcodingschool.com/mentors/ishaan-prasad-business-analytics-trainer-jaipur/
FCS-M108,Vani Pandey,Business Analytics,vani-pandey-business-analytics-trainer-jaipur-forsk-coding-school.webp,https://forskcodingschool.com/mentors/vani-pandey-business-analytics-trainer-jaipur/
FCS-M109,Aditi Desai,Business Analytics,aditi-desai-business-analytics-trainer-jaipur-forsk-coding-school.webp,https://forskcodingschool.com/mentors/aditi-desai-business-analytics-trainer-jaipur/
FCS-M110,Isha Khandelwal,Business Analytics,isha-khandelwal-business-analytics-trainer-jaipur-forsk-coding-school.webp,https://forskcodingschool.com/mentors/isha-khandelwal-business-analytics-trainer-jaipur/
FCS-M111,Kartik Desai,Data Engineering,kartik-desai-data-engineering-trainer-jaipur-forsk-coding-school.webp,https://forskcodingschool.com/mentors/kartik-desai-data-engineering-trainer-jaipur/
FCS-M112,Isha Joshi,Data Engineering,isha-joshi-data-engineering-trainer-jaipur-forsk-coding-school.webp,https://forskcodingschool.com/mentors/isha-joshi-data-engineering-trainer-jaipur/
FCS-M113,Mohit Malhotra,Data Engineering,mohit-malhotra-data-engineering-trainer-jaipur-forsk-coding-school.webp,https://forskcodingschool.com/mentors/mohit-malhotra-data-engineering-trainer-jaipur/
FCS-M114,Ritika Kohli,Data Engineering,ritika-kohli-data-engineering-trainer-jaipur-forsk-coding-school.webp,https://forskcodingschool.com/mentors/ritika-kohli-data-engineering-trainer-jaipur/
FCS-M115,Vidhi Bansal,Data Engineering,vidhi-bansal-data-engineering-trainer-jaipur-forsk-coding-school.webp,https://forskcodingschool.com/mentors/vidhi-bansal-data-engineering-trainer-jaipur/
FCS-M116,Sonali Kashyap,Data Engineering,sonali-kashyap-data-engineering-trainer-jaipur-forsk-coding-school.webp,https://forskcodingschool.com/mentors/sonali-kashyap-data-engineering-trainer-jaipur/
FCS-M117,Kanika Khanna,Data Engineering,kanika-khanna-data-engineering-trainer-jaipur-forsk-coding-school.webp,https://forskcodingschool.com/mentors/kanika-khanna-data-engineering-trainer-jaipur/
FCS-M118,Aarav Maheshwari,Data Engineering,aarav-maheshwari-data-engineering-trainer-jaipur-forsk-coding-school.webp,https://forskcodingschool.com/mentors/aarav-maheshwari-data-engineering-trainer-jaipur/
FCS-M119,Rashmi Dubey,Data Engineering,rashmi-dubey-data-engineering-trainer-jaipur-forsk-coding-school.webp,https://forskcodingschool.com/mentors/rashmi-dubey-data-engineering-trainer-jaipur/
FCS-M120,Kanika Khandelwal,Data Engineering,kanika-khandelwal-data-engineering-trainer-jaipur-forsk-coding-school.webp,https://forskcodingschool.com/mentors/kanika-khandelwal-data-engineering-trainer-jaipur/
FCS-M121,Muskan Pillai,Big Data & Spark,muskan-pillai-big-data-trainer-jaipur-forsk-coding-school.webp,https://forskcodingschool.com/mentors/muskan-pillai-big-data-trainer-jaipur/
FCS-M122,Mansi Desai,Big Data & Spark,mansi-desai-big-data-trainer-jaipur-forsk-coding-school.webp,https://forskcodingschool.com/mentors/mansi-desai-big-data-trainer-jaipur/
FCS-M123,Mahima Sethi,Big Data & Spark,mahima-sethi-big-data-trainer-jaipur-forsk-coding-school.webp,https://forskcodingschool.com/mentors/mahima-sethi-big-data-trainer-jaipur/
FCS-M124,Kunal Goel,Big Data & Spark,kunal-goel-big-data-trainer-jaipur-forsk-coding-school.webp,https://forskcodingschool.com/mentors/kunal-goel-big-data-trainer-jaipur/
FCS-M125,Jhanvi Khanna,Big Data & Spark,jhanvi-khanna-big-data-trainer-jaipur-forsk-coding-school.webp,https://forskcodingschool.com/mentors/jhanvi-khanna-big-data-trainer-jaipur/
FCS-M126,Parul Dutta,Big Data & Spark,parul-dutta-big-data-trainer-jaipur-forsk-coding-school.webp,https://forskcodingschool.com/mentors/parul-dutta-big-data-trainer-jaipur/
FCS-M127,Aman Bhardwaj,Big Data & Spark,aman-bhardwaj-big-data-trainer-jaipur-forsk-coding-school.webp,https://forskcodingschool.com/mentors/aman-bhardwaj-big-data-trainer-jaipur/
FCS-M128,Palak Verma,Big Data & Spark,palak-verma-big-data-trainer-jaipur-forsk-coding-school.webp,https://forskcodingschool.com/mentors/palak-verma-big-data-trainer-jaipur/
FCS-M129,Sneha Reddy,Big Data & Spark,sneha-reddy-big-data-trainer-jaipur-forsk-coding-school.webp,https://forskcodingschool.com/mentors/sneha-reddy-big-data-trainer-jaipur/
FCS-M130,Manish Dubey,Big Data & Spark,manish-dubey-big-data-trainer-jaipur-forsk-coding-school.webp,https://forskcodingschool.com/mentors/manish-dubey-big-data-trainer-jaipur/
FCS-M131,Deepika Agarwal,Statistics for Data Science,deepika-agarwal-statistics-trainer-jaipur-forsk-coding-school.webp,https://forskcodingschool.com/mentors/deepika-agarwal-statistics-trainer-jaipur/
FCS-M132,Shubham Bose,Statistics for Data Science,shubham-bose-statistics-trainer-jaipur-forsk-coding-school.webp,https://forskcodingschool.com/mentors/shubham-bose-statistics-trainer-jaipur/
FCS-M133,Harsh Kashyap,Statistics for Data Science,harsh-kashyap-statistics-trainer-jaipur-forsk-coding-school.webp,https://forskcodingschool.com/mentors/harsh-kashyap-statistics-trainer-jaipur/
FCS-M134,Bhavya Bansal,Statistics for Data Science,bhavya-bansal-statistics-trainer-jaipur-forsk-coding-school.webp,https://forskcodingschool.com/mentors/bhavya-bansal-statistics-trainer-jaipur/
FCS-M135,Riya Bhatia,Statistics for Data Science,riya-bhatia-statistics-trainer-jaipur-forsk-coding-school.webp,https://forskcodingschool.com/mentors/riya-bhatia-statistics-trainer-jaipur/
FCS-M136,Shubham Rajput,Statistics for Data Science,shubham-rajput-statistics-trainer-jaipur-forsk-coding-school.webp,https://forskcodingschool.com/mentors/shubham-rajput-statistics-trainer-jaipur/
FCS-M137,Kavya Das,Statistics for Data Science,kavya-das-statistics-trainer-jaipur-forsk-coding-school.webp,https://forskcodingschool.com/mentors/kavya-das-statistics-trainer-jaipur/
FCS-M138,Rohan Prasad,Statistics for Data Science,rohan-prasad-statistics-trainer-jaipur-forsk-coding-school.webp,https://forskcodingschool.com/mentors/rohan-prasad-statistics-trainer-jaipur/
FCS-M139,Ananya Shah,Statistics for Data Science,ananya-shah-statistics-trainer-jaipur-forsk-coding-school.webp,https://forskcodingschool.com/mentors/ananya-shah-statistics-trainer-jaipur/
FCS-M140,Neeraj Pawar,Statistics for Data Science,neeraj-pawar-statistics-trainer-jaipur-forsk-coding-school.webp,https://forskcodingschool.com/mentors/neeraj-pawar-statistics-trainer-jaipur/
FCS-M141,Parul Das,MERN Full Stack Development,parul-das-mern-stack-trainer-jaipur-forsk-coding-school.webp,https://forskcodingschool.com/mentors/parul-das-mern-stack-trainer-jaipur/
FCS-M142,Rishi Ahuja,MERN Full Stack Development,rishi-ahuja-mern-stack-trainer-jaipur-forsk-coding-school.webp,https://forskcodingschool.com/mentors/rishi-ahuja-mern-stack-trainer-jaipur/
FCS-M143,Krishna Choudhary,MERN Full Stack Development,krishna-choudhary-mern-stack-trainer-jaipur-forsk-coding-school.webp,https://forskcodingschool.com/mentors/krishna-choudhary-mern-stack-trainer-jaipur/
FCS-M144,Krishna Jain,MERN Full Stack Development,krishna-jain-mern-stack-trainer-jaipur-forsk-coding-school.webp,https://forskcodingschool.com/mentors/krishna-jain-mern-stack-trainer-jaipur/
FCS-M145,Siya Bansal,MERN Full Stack Development,siya-bansal-mern-stack-trainer-jaipur-forsk-coding-school.webp,https://forskcodingschool.com/mentors/siya-bansal-mern-stack-trainer-jaipur/
FCS-M146,Rishi Jain,MERN Full Stack Development,rishi-jain-mern-stack-trainer-jaipur-forsk-coding-school.webp,https://forskcodingschool.com/mentors/rishi-jain-mern-stack-trainer-jaipur/
FCS-M147,Gauri Verma,MERN Full Stack Development,gauri-verma-mern-stack-trainer-jaipur-forsk-coding-school.webp,https://forskcodingschool.com/mentors/gauri-verma-mern-stack-trainer-jaipur/
FCS-M148,Trisha Pawar,MERN Full Stack Development,trisha-pawar-mern-stack-trainer-jaipur-forsk-coding-school.webp,https://forskcodingschool.com/mentors/trisha-pawar-mern-stack-trainer-jaipur/
FCS-M149,Nandini Mathur,MERN Full Stack Development,nandini-mathur-mern-stack-trainer-jaipur-forsk-coding-school.webp,https://forskcodingschool.com/mentors/nandini-mathur-mern-stack-trainer-jaipur/
FCS-M150,Deepika Ahuja,MERN Full Stack Development,deepika-ahuja-mern-stack-trainer-jaipur-forsk-coding-school.webp,https://forskcodingschool.com/mentors/deepika-ahuja-mern-stack-trainer-jaipur/
FCS-M151,Upasana Mehta,Python Full Stack Development,upasana-mehta-python-full-stack-trainer-jaipur-forsk-coding-school.webp,https://forskcodingschool.com/mentors/upasana-mehta-python-full-stack-trainer-jaipur/
FCS-M152,Shubham Gupta,Python Full Stack Development,shubham-gupta-python-full-stack-trainer-jaipur-forsk-coding-school.webp,https://forskcodingschool.com/mentors/shubham-gupta-python-full-stack-trainer-jaipur/
FCS-M153,Nikita Malhotra,Python Full Stack Development,nikita-malhotra-python-full-stack-trainer-jaipur-forsk-coding-school.webp,https://forskcodingschool.com/mentors/nikita-malhotra-python-full-stack-trainer-jaipur/
FCS-M154,Piyush Narula,Python Full Stack Development,piyush-narula-python-full-stack-trainer-jaipur-forsk-coding-school.webp,https://forskcodingschool.com/mentors/piyush-narula-python-full-stack-trainer-jaipur/
FCS-M155,Kritika Choudhary,Python Full Stack Development,kritika-choudhary-python-full-stack-trainer-jaipur-forsk-coding-school.webp,https://forskcodingschool.com/mentors/kritika-choudhary-python-full-stack-trainer-jaipur/
FCS-M156,Priya Mishra,Python Full Stack Development,priya-mishra-python-full-stack-trainer-jaipur-forsk-coding-school.webp,https://forskcodingschool.com/mentors/priya-mishra-python-full-stack-trainer-jaipur/
FCS-M157,Ishita Chawla,Python Full Stack Development,ishita-chawla-python-full-stack-trainer-jaipur-forsk-coding-school.webp,https://forskcodingschool.com/mentors/ishita-chawla-python-full-stack-trainer-jaipur/
FCS-M158,Nikita Ghosh,Python Full Stack Development,nikita-ghosh-python-full-stack-trainer-jaipur-forsk-coding-school.webp,https://forskcodingschool.com/mentors/nikita-ghosh-python-full-stack-trainer-jaipur/
FCS-M159,Dev Desai,Python Full Stack Development,dev-desai-python-full-stack-trainer-jaipur-forsk-coding-school.webp,https://forskcodingschool.com/mentors/dev-desai-python-full-stack-trainer-jaipur/
FCS-M160,Aakriti Mathur,Python Full Stack Development,aakriti-mathur-python-full-stack-trainer-jaipur-forsk-coding-school.webp,https://forskcodingschool.com/mentors/aakriti-mathur-python-full-stack-trainer-jaipur/
FCS-M161,Pooja Saini,Java Full Stack Development,pooja-saini-java-full-stack-trainer-jaipur-forsk-coding-school.webp,https://forskcodingschool.com/mentors/pooja-saini-java-full-stack-trainer-jaipur/
FCS-M162,Neha Mittal,Java Full Stack Development,neha-mittal-java-full-stack-trainer-jaipur-forsk-coding-school.webp,https://forskcodingschool.com/mentors/neha-mittal-java-full-stack-trainer-jaipur/
FCS-M163,Ishaan Rajput,Java Full Stack Development,ishaan-rajput-java-full-stack-trainer-jaipur-forsk-coding-school.webp,https://forskcodingschool.com/mentors/ishaan-rajput-java-full-stack-trainer-jaipur/
FCS-M164,Nandini Bose,Java Full Stack Development,nandini-bose-java-full-stack-trainer-jaipur-forsk-coding-school.webp,https://forskcodingschool.com/mentors/nandini-bose-java-full-stack-trainer-jaipur/
FCS-M165,Zoya Das,Java Full Stack Development,zoya-das-java-full-stack-trainer-jaipur-forsk-coding-school.webp,https://forskcodingschool.com/mentors/zoya-das-java-full-stack-trainer-jaipur/
FCS-M166,Vivaan Desai,Java Full Stack Development,vivaan-desai-java-full-stack-trainer-jaipur-forsk-coding-school.webp,https://forskcodingschool.com/mentors/vivaan-desai-java-full-stack-trainer-jaipur/
FCS-M167,Sonali Gill,Java Full Stack Development,sonali-gill-java-full-stack-trainer-jaipur-forsk-coding-school.webp,https://forskcodingschool.com/mentors/sonali-gill-java-full-stack-trainer-jaipur/
FCS-M168,Kavya Goyal,Java Full Stack Development,kavya-goyal-java-full-stack-trainer-jaipur-forsk-coding-school.webp,https://forskcodingschool.com/mentors/kavya-goyal-java-full-stack-trainer-jaipur/
FCS-M169,Abhishek Joshi,Java Full Stack Development,abhishek-joshi-java-full-stack-trainer-jaipur-forsk-coding-school.webp,https://forskcodingschool.com/mentors/abhishek-joshi-java-full-stack-trainer-jaipur/
FCS-M170,Trisha Agarwal,Java Full Stack Development,trisha-agarwal-java-full-stack-trainer-jaipur-forsk-coding-school.webp,https://forskcodingschool.com/mentors/trisha-agarwal-java-full-stack-trainer-jaipur/
FCS-M171,Priya Sodhi,Front-End Web Development,priya-sodhi-front-end-trainer-jaipur-forsk-coding-school.webp,https://forskcodingschool.com/mentors/priya-sodhi-front-end-trainer-jaipur/
FCS-M172,Zoya Kapoor,Front-End Web Development,zoya-kapoor-front-end-trainer-jaipur-forsk-coding-school.webp,https://forskcodingschool.com/mentors/zoya-kapoor-front-end-trainer-jaipur/
FCS-M173,Dhruv Mishra,Front-End Web Development,dhruv-mishra-front-end-trainer-jaipur-forsk-coding-school.webp,https://forskcodingschool.com/mentors/dhruv-mishra-front-end-trainer-jaipur/
FCS-M174,Yashika Agarwal,Front-End Web Development,yashika-agarwal-front-end-trainer-jaipur-forsk-coding-school.webp,https://forskcodingschool.com/mentors/yashika-agarwal-front-end-trainer-jaipur/
FCS-M175,Saurabh Gupta,Front-End Web Development,saurabh-gupta-front-end-trainer-jaipur-forsk-coding-school.webp,https://forskcodingschool.com/mentors/saurabh-gupta-front-end-trainer-jaipur/
FCS-M176,Tanvi Tripathi,Front-End Web Development,tanvi-tripathi-front-end-trainer-jaipur-forsk-coding-school.webp,https://forskcodingschool.com/mentors/tanvi-tripathi-front-end-trainer-jaipur/
FCS-M177,Vishal Roy,Front-End Web Development,vishal-roy-front-end-trainer-jaipur-forsk-coding-school.webp,https://forskcodingschool.com/mentors/vishal-roy-front-end-trainer-jaipur/
FCS-M178,Deepika Yadav,Front-End Web Development,deepika-yadav-front-end-trainer-jaipur-forsk-coding-school.webp,https://forskcodingschool.com/mentors/deepika-yadav-front-end-trainer-jaipur/
FCS-M179,Khushi Sodhi,Front-End Web Development,khushi-sodhi-front-end-trainer-jaipur-forsk-coding-school.webp,https://forskcodingschool.com/mentors/khushi-sodhi-front-end-trainer-jaipur/
FCS-M180,Yash Kapoor,Front-End Web Development,yash-kapoor-front-end-trainer-jaipur-forsk-coding-school.webp,https://forskcodingschool.com/mentors/yash-kapoor-front-end-trainer-jaipur/
FCS-M181,Meera Gupta,Backend & REST API Development,meera-gupta-backend-development-trainer-jaipur-forsk-coding-school.webp,https://forskcodingschool.com/mentors/meera-gupta-backend-development-trainer-jaipur/
FCS-M182,Piyush Khanna,Backend & REST API Development,piyush-khanna-backend-development-trainer-jaipur-forsk-coding-school.webp,https://forskcodingschool.com/mentors/piyush-khanna-backend-development-trainer-jaipur/
FCS-M183,Piyush Roy,Backend & REST API Development,piyush-roy-backend-development-trainer-jaipur-forsk-coding-school.webp,https://forskcodingschool.com/mentors/piyush-roy-backend-development-trainer-jaipur/
FCS-M184,Radhika Thakur,Backend & REST API Development,radhika-thakur-backend-development-trainer-jaipur-forsk-coding-school.webp,https://forskcodingschool.com/mentors/radhika-thakur-backend-development-trainer-jaipur/
FCS-M185,Reyansh Reddy,Backend & REST API Development,reyansh-reddy-backend-development-trainer-jaipur-forsk-coding-school.webp,https://forskcodingschool.com/mentors/reyansh-reddy-backend-development-trainer-jaipur/
FCS-M186,Kunal Khandelwal,Backend & REST API Development,kunal-khandelwal-backend-development-trainer-jaipur-forsk-coding-school.webp,https://forskcodingschool.com/mentors/kunal-khandelwal-backend-development-trainer-jaipur/
FCS-M187,Hina Saxena,Backend & REST API Development,hina-saxena-backend-development-trainer-jaipur-forsk-coding-school.webp,https://forskcodingschool.com/mentors/hina-saxena-backend-development-trainer-jaipur/
FCS-M188,Nikhil Mishra,Backend & REST API Development,nikhil-mishra-backend-development-trainer-jaipur-forsk-coding-school.webp,https://forskcodingschool.com/mentors/nikhil-mishra-backend-development-trainer-jaipur/
FCS-M189,Swati Das,Backend & REST API Development,swati-das-backend-development-trainer-jaipur-forsk-coding-school.webp,https://forskcodingschool.com/mentors/swati-das-backend-development-trainer-jaipur/
FCS-M190,Ayaan Yadav,Backend & REST API Development,ayaan-yadav-backend-development-trainer-jaipur-forsk-coding-school.webp,https://forskcodingschool.com/mentors/ayaan-yadav-backend-development-trainer-jaipur/
FCS-M191,Charu Singhal,Core Java & Advanced Java,charu-singhal-java-trainer-jaipur-forsk-coding-school.webp,https://forskcodingschool.com/mentors/charu-singhal-java-trainer-jaipur/
FCS-M192,Tushar Joshi,Core Java & Advanced Java,tushar-joshi-java-trainer-jaipur-forsk-coding-school.webp,https://forskcodingschool.com/mentors/tushar-joshi-java-trainer-jaipur/
FCS-M193,Aakriti Bose,Core Java & Advanced Java,aakriti-bose-java-trainer-jaipur-forsk-coding-school.webp,https://forskcodingschool.com/mentors/aakriti-bose-java-trainer-jaipur/
FCS-M194,Mahima Thakur,Core Java & Advanced Java,mahima-thakur-java-trainer-jaipur-forsk-coding-school.webp,https://forskcodingschool.com/mentors/mahima-thakur-java-trainer-jaipur/
FCS-M195,Tarun Mishra,Core Java & Advanced Java,tarun-mishra-java-trainer-jaipur-forsk-coding-school.webp,https://forskcodingschool.com/mentors/tarun-mishra-java-trainer-jaipur/
FCS-M196,Pooja Bhardwaj,Core Java & Advanced Java,pooja-bhardwaj-java-trainer-jaipur-forsk-coding-school.webp,https://forskcodingschool.com/mentors/pooja-bhardwaj-java-trainer-jaipur/
FCS-M197,Urvashi Mehta,Core Java & Advanced Java,urvashi-mehta-java-trainer-jaipur-forsk-coding-school.webp,https://forskcodingschool.com/mentors/urvashi-mehta-java-trainer-jaipur/
FCS-M198,Neeraj Vyas,Core Java & Advanced Java,neeraj-vyas-java-trainer-jaipur-forsk-coding-school.webp,https://forskcodingschool.com/mentors/neeraj-vyas-java-trainer-jaipur/
FCS-M199,Ananya Kashyap,Core Java & Advanced Java,ananya-kashyap-java-trainer-jaipur-forsk-coding-school.webp,https://forskcodingschool.com/mentors/ananya-kashyap-java-trainer-jaipur/
FCS-M200,Pooja Goel,Core Java & Advanced Java,pooja-goel-java-trainer-jaipur-forsk-coding-school.webp,https://forskcodingschool.com/mentors/pooja-goel-java-trainer-jaipur/
FCS-M201,Rishi Singhal,Spring Boot & Microservices,rishi-singhal-spring-boot-trainer-jaipur-forsk-coding-school.webp,https://forskcodingschool.com/mentors/rishi-singhal-spring-boot-trainer-jaipur/
FCS-M202,Khushi Maheshwari,Spring Boot & Microservices,khushi-maheshwari-spring-boot-trainer-jaipur-forsk-coding-school.webp,https://forskcodingschool.com/mentors/khushi-maheshwari-spring-boot-trainer-jaipur/
FCS-M203,Rishi Dutta,Spring Boot & Microservices,rishi-dutta-spring-boot-trainer-jaipur-forsk-coding-school.webp,https://forskcodingschool.com/mentors/rishi-dutta-spring-boot-trainer-jaipur/
FCS-M204,Meera Sethi,Spring Boot & Microservices,meera-sethi-spring-boot-trainer-jaipur-forsk-coding-school.webp,https://forskcodingschool.com/mentors/meera-sethi-spring-boot-trainer-jaipur/
FCS-M205,Charu Goyal,Spring Boot & Microservices,charu-goyal-spring-boot-trainer-jaipur-forsk-coding-school.webp,https://forskcodingschool.com/mentors/charu-goyal-spring-boot-trainer-jaipur/
FCS-M206,Aditi Roy,Spring Boot & Microservices,aditi-roy-spring-boot-trainer-jaipur-forsk-coding-school.webp,https://forskcodingschool.com/mentors/aditi-roy-spring-boot-trainer-jaipur/
FCS-M207,Ekta Kulkarni,Spring Boot & Microservices,ekta-kulkarni-spring-boot-trainer-jaipur-forsk-coding-school.webp,https://forskcodingschool.com/mentors/ekta-kulkarni-spring-boot-trainer-jaipur/
FCS-M208,Aditi Pillai,Spring Boot & Microservices,aditi-pillai-spring-boot-trainer-jaipur-forsk-coding-school.webp,https://forskcodingschool.com/mentors/aditi-pillai-spring-boot-trainer-jaipur/
FCS-M209,Rahul Pawar,Spring Boot & Microservices,rahul-pawar-spring-boot-trainer-jaipur-forsk-coding-school.webp,https://forskcodingschool.com/mentors/rahul-pawar-spring-boot-trainer-jaipur/
FCS-M210,Gauri Iyer,Spring Boot & Microservices,gauri-iyer-spring-boot-trainer-jaipur-forsk-coding-school.webp,https://forskcodingschool.com/mentors/gauri-iyer-spring-boot-trainer-jaipur/
FCS-M211,Aditi Choudhary,C Programming,aditi-choudhary-c-programming-trainer-jaipur-forsk-coding-school.webp,https://forskcodingschool.com/mentors/aditi-choudhary-c-programming-trainer-jaipur/
FCS-M212,Garima Rajput,C Programming,garima-rajput-c-programming-trainer-jaipur-forsk-coding-school.webp,https://forskcodingschool.com/mentors/garima-rajput-c-programming-trainer-jaipur/
FCS-M213,Yash Kashyap,C Programming,yash-kashyap-c-programming-trainer-jaipur-forsk-coding-school.webp,https://forskcodingschool.com/mentors/yash-kashyap-c-programming-trainer-jaipur/
FCS-M214,Akash Singh,C Programming,akash-singh-c-programming-trainer-jaipur-forsk-coding-school.webp,https://forskcodingschool.com/mentors/akash-singh-c-programming-trainer-jaipur/
FCS-M215,Radhika Agarwal,C Programming,radhika-agarwal-c-programming-trainer-jaipur-forsk-coding-school.webp,https://forskcodingschool.com/mentors/radhika-agarwal-c-programming-trainer-jaipur/
FCS-M216,Bhavya Chawla,C Programming,bhavya-chawla-c-programming-trainer-jaipur-forsk-coding-school.webp,https://forskcodingschool.com/mentors/bhavya-chawla-c-programming-trainer-jaipur/
FCS-M217,Bhavya Iyer,C Programming,bhavya-iyer-c-programming-trainer-jaipur-forsk-coding-school.webp,https://forskcodingschool.com/mentors/bhavya-iyer-c-programming-trainer-jaipur/
FCS-M218,Vedant Agarwal,C Programming,vedant-agarwal-c-programming-trainer-jaipur-forsk-coding-school.webp,https://forskcodingschool.com/mentors/vedant-agarwal-c-programming-trainer-jaipur/
FCS-M219,Arjun Patel,C Programming,arjun-patel-c-programming-trainer-jaipur-forsk-coding-school.webp,https://forskcodingschool.com/mentors/arjun-patel-c-programming-trainer-jaipur/
FCS-M220,Tamanna Anand,C Programming,tamanna-anand-c-programming-trainer-jaipur-forsk-coding-school.webp,https://forskcodingschool.com/mentors/tamanna-anand-c-programming-trainer-jaipur/
FCS-M221,Pranav Mittal,C++ Programming,pranav-mittal-c-trainer-jaipur-forsk-coding-school.webp,https://forskcodingschool.com/mentors/pranav-mittal-c-trainer-jaipur/
FCS-M222,Drishti Goyal,C++ Programming,drishti-goyal-c-trainer-jaipur-forsk-coding-school.webp,https://forskcodingschool.com/mentors/drishti-goyal-c-trainer-jaipur/
FCS-M223,Gauri Bose,C++ Programming,gauri-bose-c-trainer-jaipur-forsk-coding-school.webp,https://forskcodingschool.com/mentors/gauri-bose-c-trainer-jaipur/
FCS-M224,Ekta Agarwal,C++ Programming,ekta-agarwal-c-trainer-jaipur-forsk-coding-school.webp,https://forskcodingschool.com/mentors/ekta-agarwal-c-trainer-jaipur/
FCS-M225,Mansi Patil,C++ Programming,mansi-patil-c-trainer-jaipur-forsk-coding-school.webp,https://forskcodingschool.com/mentors/mansi-patil-c-trainer-jaipur/
FCS-M226,Varun Patel,C++ Programming,varun-patel-c-trainer-jaipur-forsk-coding-school.webp,https://forskcodingschool.com/mentors/varun-patel-c-trainer-jaipur/
FCS-M227,Sonali Joshi,C++ Programming,sonali-joshi-c-trainer-jaipur-forsk-coding-school.webp,https://forskcodingschool.com/mentors/sonali-joshi-c-trainer-jaipur/
FCS-M228,Rohan Bajaj,C++ Programming,rohan-bajaj-c-trainer-jaipur-forsk-coding-school.webp,https://forskcodingschool.com/mentors/rohan-bajaj-c-trainer-jaipur/
FCS-M229,Harsh Chauhan,C++ Programming,harsh-chauhan-c-trainer-jaipur-forsk-coding-school.webp,https://forskcodingschool.com/mentors/harsh-chauhan-c-trainer-jaipur/
FCS-M230,Kabir Roy,C++ Programming,kabir-roy-c-trainer-jaipur-forsk-coding-school.webp,https://forskcodingschool.com/mentors/kabir-roy-c-trainer-jaipur/
FCS-M231,Ritika Goyal,Data Structures & Algorithms,ritika-goyal-dsa-trainer-jaipur-forsk-coding-school.webp,https://forskcodingschool.com/mentors/ritika-goyal-dsa-trainer-jaipur/
FCS-M232,Avni Narula,Data Structures & Algorithms,avni-narula-dsa-trainer-jaipur-forsk-coding-school.webp,https://forskcodingschool.com/mentors/avni-narula-dsa-trainer-jaipur/
FCS-M233,Shruti Thakur,Data Structures & Algorithms,shruti-thakur-dsa-trainer-jaipur-forsk-coding-school.webp,https://forskcodingschool.com/mentors/shruti-thakur-dsa-trainer-jaipur/
FCS-M234,Ojasvi Singh,Data Structures & Algorithms,ojasvi-singh-dsa-trainer-jaipur-forsk-coding-school.webp,https://forskcodingschool.com/mentors/ojasvi-singh-dsa-trainer-jaipur/
FCS-M235,Trisha Pillai,Data Structures & Algorithms,trisha-pillai-dsa-trainer-jaipur-forsk-coding-school.webp,https://forskcodingschool.com/mentors/trisha-pillai-dsa-trainer-jaipur/
FCS-M236,Laksh Bhardwaj,Data Structures & Algorithms,laksh-bhardwaj-dsa-trainer-jaipur-forsk-coding-school.webp,https://forskcodingschool.com/mentors/laksh-bhardwaj-dsa-trainer-jaipur/
FCS-M237,Muskan Rao,Data Structures & Algorithms,muskan-rao-dsa-trainer-jaipur-forsk-coding-school.webp,https://forskcodingschool.com/mentors/muskan-rao-dsa-trainer-jaipur/
FCS-M238,Dhruv Rathore,Data Structures & Algorithms,dhruv-rathore-dsa-trainer-jaipur-forsk-coding-school.webp,https://forskcodingschool.com/mentors/dhruv-rathore-dsa-trainer-jaipur/
FCS-M239,Zoya Bose,Data Structures & Algorithms,zoya-bose-dsa-trainer-jaipur-forsk-coding-school.webp,https://forskcodingschool.com/mentors/zoya-bose-dsa-trainer-jaipur/
FCS-M240,Kritika Kohli,Data Structures & Algorithms,kritika-kohli-dsa-trainer-jaipur-forsk-coding-school.webp,https://forskcodingschool.com/mentors/kritika-kohli-dsa-trainer-jaipur/
FCS-M241,Swati Kohli,Competitive Programming,swati-kohli-competitive-programming-mentor-jaipur-forsk-coding-school.webp,https://forskcodingschool.com/mentors/swati-kohli-competitive-programming-mentor-jaipur/
FCS-M242,Tushar Patel,Competitive Programming,tushar-patel-competitive-programming-mentor-jaipur-forsk-coding-school.webp,https://forskcodingschool.com/mentors/tushar-patel-competitive-programming-mentor-jaipur/
FCS-M243,Sonali Singhal,Competitive Programming,sonali-singhal-competitive-programming-mentor-jaipur-forsk-coding-school.webp,https://forskcodingschool.com/mentors/sonali-singhal-competitive-programming-mentor-jaipur/
FCS-M244,Nandini Das,Competitive Programming,nandini-das-competitive-programming-mentor-jaipur-forsk-coding-school.webp,https://forskcodingschool.com/mentors/nandini-das-competitive-programming-mentor-jaipur/
FCS-M245,Vaishnavi Goyal,Competitive Programming,vaishnavi-goyal-competitive-programming-mentor-jaipur-forsk-coding-school.webp,https://forskcodingschool.com/mentors/vaishnavi-goyal-competitive-programming-mentor-jaipur/
FCS-M246,Siya Singh,Competitive Programming,siya-singh-competitive-programming-mentor-jaipur-forsk-coding-school.webp,https://forskcodingschool.com/mentors/siya-singh-competitive-programming-mentor-jaipur/
FCS-M247,Sameer Kashyap,Competitive Programming,sameer-kashyap-competitive-programming-mentor-jaipur-forsk-coding-school.webp,https://forskcodingschool.com/mentors/sameer-kashyap-competitive-programming-mentor-jaipur/
FCS-M248,Garima Patil,Competitive Programming,garima-patil-competitive-programming-mentor-jaipur-forsk-coding-school.webp,https://forskcodingschool.com/mentors/garima-patil-competitive-programming-mentor-jaipur/
FCS-M249,Trisha Sharma,Competitive Programming,trisha-sharma-competitive-programming-mentor-jaipur-forsk-coding-school.webp,https://forskcodingschool.com/mentors/trisha-sharma-competitive-programming-mentor-jaipur/
FCS-M250,Muskan Srivastava,Competitive Programming,muskan-srivastava-competitive-programming-mentor-jaipur-forsk-coding-school.webp,https://forskcodingschool.com/mentors/muskan-srivastava-competitive-programming-mentor-jaipur/
FCS-M251,Hina Ghosh,PHP & Laravel,hina-ghosh-php-laravel-trainer-jaipur-forsk-coding-school.webp,https://forskcodingschool.com/mentors/hina-ghosh-php-laravel-trainer-jaipur/
FCS-M252,Uday Juneja,PHP & Laravel,uday-juneja-php-laravel-trainer-jaipur-forsk-coding-school.webp,https://forskcodingschool.com/mentors/uday-juneja-php-laravel-trainer-jaipur/
FCS-M253,Upasana Khanna,PHP & Laravel,upasana-khanna-php-laravel-trainer-jaipur-forsk-coding-school.webp,https://forskcodingschool.com/mentors/upasana-khanna-php-laravel-trainer-jaipur/
FCS-M254,Esha Roy,PHP & Laravel,esha-roy-php-laravel-trainer-jaipur-forsk-coding-school.webp,https://forskcodingschool.com/mentors/esha-roy-php-laravel-trainer-jaipur/
FCS-M255,Trisha Chawla,PHP & Laravel,trisha-chawla-php-laravel-trainer-jaipur-forsk-coding-school.webp,https://forskcodingschool.com/mentors/trisha-chawla-php-laravel-trainer-jaipur/
FCS-M256,Piyush Mathur,PHP & Laravel,piyush-mathur-php-laravel-trainer-jaipur-forsk-coding-school.webp,https://forskcodingschool.com/mentors/piyush-mathur-php-laravel-trainer-jaipur/
FCS-M257,Yashika Singh,PHP & Laravel,yashika-singh-php-laravel-trainer-jaipur-forsk-coding-school.webp,https://forskcodingschool.com/mentors/yashika-singh-php-laravel-trainer-jaipur/
FCS-M258,Manish Goyal,PHP & Laravel,manish-goyal-php-laravel-trainer-jaipur-forsk-coding-school.webp,https://forskcodingschool.com/mentors/manish-goyal-php-laravel-trainer-jaipur/
FCS-M259,Meera Malhotra,PHP & Laravel,meera-malhotra-php-laravel-trainer-jaipur-forsk-coding-school.webp,https://forskcodingschool.com/mentors/meera-malhotra-php-laravel-trainer-jaipur/
FCS-M260,Manish Chauhan,PHP & Laravel,manish-chauhan-php-laravel-trainer-jaipur-forsk-coding-school.webp,https://forskcodingschool.com/mentors/manish-chauhan-php-laravel-trainer-jaipur/
FCS-M261,Aarav Khandelwal,WordPress Development,aarav-khandelwal-wordpress-trainer-jaipur-forsk-coding-school.webp,https://forskcodingschool.com/mentors/aarav-khandelwal-wordpress-trainer-jaipur/
FCS-M262,Parul Gupta,WordPress Development,parul-gupta-wordpress-trainer-jaipur-forsk-coding-school.webp,https://forskcodingschool.com/mentors/parul-gupta-wordpress-trainer-jaipur/
FCS-M263,Manish Mehta,WordPress Development,manish-mehta-wordpress-trainer-jaipur-forsk-coding-school.webp,https://forskcodingschool.com/mentors/manish-mehta-wordpress-trainer-jaipur/
FCS-M264,Ekta Menon,WordPress Development,ekta-menon-wordpress-trainer-jaipur-forsk-coding-school.webp,https://forskcodingschool.com/mentors/ekta-menon-wordpress-trainer-jaipur/
FCS-M265,Kanika Maheshwari,WordPress Development,kanika-maheshwari-wordpress-trainer-jaipur-forsk-coding-school.webp,https://forskcodingschool.com/mentors/kanika-maheshwari-wordpress-trainer-jaipur/
FCS-M266,Tarun Goel,WordPress Development,tarun-goel-wordpress-trainer-jaipur-forsk-coding-school.webp,https://forskcodingschool.com/mentors/tarun-goel-wordpress-trainer-jaipur/
FCS-M267,Radhika Chauhan,WordPress Development,radhika-chauhan-wordpress-trainer-jaipur-forsk-coding-school.webp,https://forskcodingschool.com/mentors/radhika-chauhan-wordpress-trainer-jaipur/
FCS-M268,Kartik Singh,WordPress Development,kartik-singh-wordpress-trainer-jaipur-forsk-coding-school.webp,https://forskcodingschool.com/mentors/kartik-singh-wordpress-trainer-jaipur/
FCS-M269,Rajat Mittal,WordPress Development,rajat-mittal-wordpress-trainer-jaipur-forsk-coding-school.webp,https://forskcodingschool.com/mentors/rajat-mittal-wordpress-trainer-jaipur/
FCS-M270,Vedant Joshi,WordPress Development,vedant-joshi-wordpress-trainer-jaipur-forsk-coding-school.webp,https://forskcodingschool.com/mentors/vedant-joshi-wordpress-trainer-jaipur/
FCS-M271,Parul Rao,React & Next.js,parul-rao-react-next-js-trainer-jaipur-forsk-coding-school.webp,https://forskcodingschool.com/mentors/parul-rao-react-next-js-trainer-jaipur/
FCS-M272,Rashmi Prasad,React & Next.js,rashmi-prasad-react-next-js-trainer-jaipur-forsk-coding-school.webp,https://forskcodingschool.com/mentors/rashmi-prasad-react-next-js-trainer-jaipur/
FCS-M273,Radhika Kashyap,React & Next.js,radhika-kashyap-react-next-js-trainer-jaipur-forsk-coding-school.webp,https://forskcodingschool.com/mentors/radhika-kashyap-react-next-js-trainer-jaipur/
FCS-M274,Krishna Verma,React & Next.js,krishna-verma-react-next-js-trainer-jaipur-forsk-coding-school.webp,https://forskcodingschool.com/mentors/krishna-verma-react-next-js-trainer-jaipur/
FCS-M275,Arjun Kapoor,React & Next.js,arjun-kapoor-react-next-js-trainer-jaipur-forsk-coding-school.webp,https://forskcodingschool.com/mentors/arjun-kapoor-react-next-js-trainer-jaipur/
FCS-M276,Varun Mehta,React & Next.js,varun-mehta-react-next-js-trainer-jaipur-forsk-coding-school.webp,https://forskcodingschool.com/mentors/varun-mehta-react-next-js-trainer-jaipur/
FCS-M277,Sneha Ahuja,React & Next.js,sneha-ahuja-react-next-js-trainer-jaipur-forsk-coding-school.webp,https://forskcodingschool.com/mentors/sneha-ahuja-react-next-js-trainer-jaipur/
FCS-M278,Neha Dubey,React & Next.js,neha-dubey-react-next-js-trainer-jaipur-forsk-coding-school.webp,https://forskcodingschool.com/mentors/neha-dubey-react-next-js-trainer-jaipur/
FCS-M279,Mansi Srivastava,React & Next.js,mansi-srivastava-react-next-js-trainer-jaipur-forsk-coding-school.webp,https://forskcodingschool.com/mentors/mansi-srivastava-react-next-js-trainer-jaipur/
FCS-M280,Muskan Roy,React & Next.js,muskan-roy-react-next-js-trainer-jaipur-forsk-coding-school.webp,https://forskcodingschool.com/mentors/muskan-roy-react-next-js-trainer-jaipur/
FCS-M281,Priya Sethi,Node.js & Express.js,priya-sethi-node-js-trainer-jaipur-forsk-coding-school.webp,https://forskcodingschool.com/mentors/priya-sethi-node-js-trainer-jaipur/
FCS-M282,Lavanya Patil,Node.js & Express.js,lavanya-patil-node-js-trainer-jaipur-forsk-coding-school.webp,https://forskcodingschool.com/mentors/lavanya-patil-node-js-trainer-jaipur/
FCS-M283,Aman Iyer,Node.js & Express.js,aman-iyer-node-js-trainer-jaipur-forsk-coding-school.webp,https://forskcodingschool.com/mentors/aman-iyer-node-js-trainer-jaipur/
FCS-M284,Varun Purohit,Node.js & Express.js,varun-purohit-node-js-trainer-jaipur-forsk-coding-school.webp,https://forskcodingschool.com/mentors/varun-purohit-node-js-trainer-jaipur/
FCS-M285,Aman Sodhi,Node.js & Express.js,aman-sodhi-node-js-trainer-jaipur-forsk-coding-school.webp,https://forskcodingschool.com/mentors/aman-sodhi-node-js-trainer-jaipur/
FCS-M286,Riya Purohit,Node.js & Express.js,riya-purohit-node-js-trainer-jaipur-forsk-coding-school.webp,https://forskcodingschool.com/mentors/riya-purohit-node-js-trainer-jaipur/
FCS-M287,Ayaan Mishra,Node.js & Express.js,ayaan-mishra-node-js-trainer-jaipur-forsk-coding-school.webp,https://forskcodingschool.com/mentors/ayaan-mishra-node-js-trainer-jaipur/
FCS-M288,Neeraj Singhal,Node.js & Express.js,neeraj-singhal-node-js-trainer-jaipur-forsk-coding-school.webp,https://forskcodingschool.com/mentors/neeraj-singhal-node-js-trainer-jaipur/
FCS-M289,Vani Menon,Node.js & Express.js,vani-menon-node-js-trainer-jaipur-forsk-coding-school.webp,https://forskcodingschool.com/mentors/vani-menon-node-js-trainer-jaipur/
FCS-M290,Saurabh Prasad,Node.js & Express.js,saurabh-prasad-node-js-trainer-jaipur-forsk-coding-school.webp,https://forskcodingschool.com/mentors/saurabh-prasad-node-js-trainer-jaipur/
FCS-M291,Kartik Singhal,Android & Flutter Development,kartik-singhal-flutter-trainer-jaipur-forsk-coding-school.webp,https://forskcodingschool.com/mentors/kartik-singhal-flutter-trainer-jaipur/
FCS-M292,Vani Purohit,Android & Flutter Development,vani-purohit-flutter-trainer-jaipur-forsk-coding-school.webp,https://forskcodingschool.com/mentors/vani-purohit-flutter-trainer-jaipur/
FCS-M293,Pranav Pandey,Android & Flutter Development,pranav-pandey-flutter-trainer-jaipur-forsk-coding-school.webp,https://forskcodingschool.com/mentors/pranav-pandey-flutter-trainer-jaipur/
FCS-M294,Aakriti Dutta,Android & Flutter Development,aakriti-dutta-flutter-trainer-jaipur-forsk-coding-school.webp,https://forskcodingschool.com/mentors/aakriti-dutta-flutter-trainer-jaipur/
FCS-M295,Yashika Malhotra,Android & Flutter Development,yashika-malhotra-flutter-trainer-jaipur-forsk-coding-school.webp,https://forskcodingschool.com/mentors/yashika-malhotra-flutter-trainer-jaipur/
FCS-M296,Vani Wadhwa,Android & Flutter Development,vani-wadhwa-flutter-trainer-jaipur-forsk-coding-school.webp,https://forskcodingschool.com/mentors/vani-wadhwa-flutter-trainer-jaipur/
FCS-M297,Sakshi Mehta,Android & Flutter Development,sakshi-mehta-flutter-trainer-jaipur-forsk-coding-school.webp,https://forskcodingschool.com/mentors/sakshi-mehta-flutter-trainer-jaipur/
FCS-M298,Siddharth Mishra,Android & Flutter Development,siddharth-mishra-flutter-trainer-jaipur-forsk-coding-school.webp,https://forskcodingschool.com/mentors/siddharth-mishra-flutter-trainer-jaipur/
FCS-M299,Rashmi Jadhav,Android & Flutter Development,rashmi-jadhav-flutter-trainer-jaipur-forsk-coding-school.webp,https://forskcodingschool.com/mentors/rashmi-jadhav-flutter-trainer-jaipur/
FCS-M300,Radhika Ahuja,Android & Flutter Development,radhika-ahuja-flutter-trainer-jaipur-forsk-coding-school.webp,https://forskcodingschool.com/mentors/radhika-ahuja-flutter-trainer-jaipur/
FCS-M301,Isha Mehta,Cyber Security & Ethical Hacking,isha-mehta-cyber-security-trainer-jaipur-forsk-coding-school.webp,https://forskcodingschool.com/mentors/isha-mehta-cyber-security-trainer-jaipur/
FCS-M302,Vani Saxena,Cyber Security & Ethical Hacking,vani-saxena-cyber-security-trainer-jaipur-forsk-coding-school.webp,https://forskcodingschool.com/mentors/vani-saxena-cyber-security-trainer-jaipur/
FCS-M303,Vedant Khandelwal,Cyber Security & Ethical Hacking,vedant-khandelwal-cyber-security-trainer-jaipur-forsk-coding-school.webp,https://forskcodingschool.com/mentors/vedant-khandelwal-cyber-security-trainer-jaipur/
FCS-M304,Esha Menon,Cyber Security & Ethical Hacking,esha-menon-cyber-security-trainer-jaipur-forsk-coding-school.webp,https://forskcodingschool.com/mentors/esha-menon-cyber-security-trainer-jaipur/
FCS-M305,Aarohi Patel,Cyber Security & Ethical Hacking,aarohi-patel-cyber-security-trainer-jaipur-forsk-coding-school.webp,https://forskcodingschool.com/mentors/aarohi-patel-cyber-security-trainer-jaipur/
FCS-M306,Harsh Rathore,Cyber Security & Ethical Hacking,harsh-rathore-cyber-security-trainer-jaipur-forsk-coding-school.webp,https://forskcodingschool.com/mentors/harsh-rathore-cyber-security-trainer-jaipur/
FCS-M307,Nikita Kulkarni,Cyber Security & Ethical Hacking,nikita-kulkarni-cyber-security-trainer-jaipur-forsk-coding-school.webp,https://forskcodingschool.com/mentors/nikita-kulkarni-cyber-security-trainer-jaipur/
FCS-M308,Aman Chawla,Cyber Security & Ethical Hacking,aman-chawla-cyber-security-trainer-jaipur-forsk-coding-school.webp,https://forskcodingschool.com/mentors/aman-chawla-cyber-security-trainer-jaipur/
FCS-M309,Akash Roy,Cyber Security & Ethical Hacking,akash-roy-cyber-security-trainer-jaipur-forsk-coding-school.webp,https://forskcodingschool.com/mentors/akash-roy-cyber-security-trainer-jaipur/
FCS-M310,Akash Singhal,Cyber Security & Ethical Hacking,akash-singhal-cyber-security-trainer-jaipur-forsk-coding-school.webp,https://forskcodingschool.com/mentors/akash-singhal-cyber-security-trainer-jaipur/
FCS-M311,Pranav Bose,Networking & Linux Administration,pranav-bose-linux-networking-trainer-jaipur-forsk-coding-school.webp,https://forskcodingschool.com/mentors/pranav-bose-linux-networking-trainer-jaipur/
FCS-M312,Navya Desai,Networking & Linux Administration,navya-desai-linux-networking-trainer-jaipur-forsk-coding-school.webp,https://forskcodingschool.com/mentors/navya-desai-linux-networking-trainer-jaipur/
FCS-M313,Palak Narula,Networking & Linux Administration,palak-narula-linux-networking-trainer-jaipur-forsk-coding-school.webp,https://forskcodingschool.com/mentors/palak-narula-linux-networking-trainer-jaipur/
FCS-M314,Shruti Mishra,Networking & Linux Administration,shruti-mishra-linux-networking-trainer-jaipur-forsk-coding-school.webp,https://forskcodingschool.com/mentors/shruti-mishra-linux-networking-trainer-jaipur/
FCS-M315,Pooja Ghosh,Networking & Linux Administration,pooja-ghosh-linux-networking-trainer-jaipur-forsk-coding-school.webp,https://forskcodingschool.com/mentors/pooja-ghosh-linux-networking-trainer-jaipur/
FCS-M316,Akash Sethi,Networking & Linux Administration,akash-sethi-linux-networking-trainer-jaipur-forsk-coding-school.webp,https://forskcodingschool.com/mentors/akash-sethi-linux-networking-trainer-jaipur/
FCS-M317,Riya Ghosh,Networking & Linux Administration,riya-ghosh-linux-networking-trainer-jaipur-forsk-coding-school.webp,https://forskcodingschool.com/mentors/riya-ghosh-linux-networking-trainer-jaipur/
FCS-M318,Hina Patil,Networking & Linux Administration,hina-patil-linux-networking-trainer-jaipur-forsk-coding-school.webp,https://forskcodingschool.com/mentors/hina-patil-linux-networking-trainer-jaipur/
FCS-M319,Urvashi Srivastava,Networking & Linux Administration,urvashi-srivastava-linux-networking-trainer-jaipur-forsk-coding-school.webp,https://forskcodingschool.com/mentors/urvashi-srivastava-linux-networking-trainer-jaipur/
FCS-M320,Neeraj Joshi,Networking & Linux Administration,neeraj-joshi-linux-networking-trainer-jaipur-forsk-coding-school.webp,https://forskcodingschool.com/mentors/neeraj-joshi-linux-networking-trainer-jaipur/
FCS-M321,Shreya Kashyap,AWS Cloud Computing,shreya-kashyap-aws-trainer-jaipur-forsk-coding-school.webp,https://forskcodingschool.com/mentors/shreya-kashyap-aws-trainer-jaipur/
FCS-M322,Aditya Bajaj,AWS Cloud Computing,aditya-bajaj-aws-trainer-jaipur-forsk-coding-school.webp,https://forskcodingschool.com/mentors/aditya-bajaj-aws-trainer-jaipur/
FCS-M323,Palak Bajaj,AWS Cloud Computing,palak-bajaj-aws-trainer-jaipur-forsk-coding-school.webp,https://forskcodingschool.com/mentors/palak-bajaj-aws-trainer-jaipur/
FCS-M324,Charu Rajput,AWS Cloud Computing,charu-rajput-aws-trainer-jaipur-forsk-coding-school.webp,https://forskcodingschool.com/mentors/charu-rajput-aws-trainer-jaipur/
FCS-M325,Nikhil Goel,AWS Cloud Computing,nikhil-goel-aws-trainer-jaipur-forsk-coding-school.webp,https://forskcodingschool.com/mentors/nikhil-goel-aws-trainer-jaipur/
FCS-M326,Mansi Bansal,AWS Cloud Computing,mansi-bansal-aws-trainer-jaipur-forsk-coding-school.webp,https://forskcodingschool.com/mentors/mansi-bansal-aws-trainer-jaipur/
FCS-M327,Isha Choudhary,AWS Cloud Computing,isha-choudhary-aws-trainer-jaipur-forsk-coding-school.webp,https://forskcodingschool.com/mentors/isha-choudhary-aws-trainer-jaipur/
FCS-M328,Vivaan Sodhi,AWS Cloud Computing,vivaan-sodhi-aws-trainer-jaipur-forsk-coding-school.webp,https://forskcodingschool.com/mentors/vivaan-sodhi-aws-trainer-jaipur/
FCS-M329,Rashmi Wadhwa,AWS Cloud Computing,rashmi-wadhwa-aws-trainer-jaipur-forsk-coding-school.webp,https://forskcodingschool.com/mentors/rashmi-wadhwa-aws-trainer-jaipur/
FCS-M330,Dhruv Tiwari,AWS Cloud Computing,dhruv-tiwari-aws-trainer-jaipur-forsk-coding-school.webp,https://forskcodingschool.com/mentors/dhruv-tiwari-aws-trainer-jaipur/
FCS-M331,Ekta Vyas,Microsoft Azure,ekta-vyas-azure-trainer-jaipur-forsk-coding-school.webp,https://forskcodingschool.com/mentors/ekta-vyas-azure-trainer-jaipur/
FCS-M332,Simran Jain,Microsoft Azure,simran-jain-azure-trainer-jaipur-forsk-coding-school.webp,https://forskcodingschool.com/mentors/simran-jain-azure-trainer-jaipur/
FCS-M333,Aditya Anand,Microsoft Azure,aditya-anand-azure-trainer-jaipur-forsk-coding-school.webp,https://forskcodingschool.com/mentors/aditya-anand-azure-trainer-jaipur/
FCS-M334,Dhruv Desai,Microsoft Azure,dhruv-desai-azure-trainer-jaipur-forsk-coding-school.webp,https://forskcodingschool.com/mentors/dhruv-desai-azure-trainer-jaipur/
FCS-M335,Gauri Maheshwari,Microsoft Azure,gauri-maheshwari-azure-trainer-jaipur-forsk-coding-school.webp,https://forskcodingschool.com/mentors/gauri-maheshwari-azure-trainer-jaipur/
FCS-M336,Aditya Purohit,Microsoft Azure,aditya-purohit-azure-trainer-jaipur-forsk-coding-school.webp,https://forskcodingschool.com/mentors/aditya-purohit-azure-trainer-jaipur/
FCS-M337,Kavya Srivastava,Microsoft Azure,kavya-srivastava-azure-trainer-jaipur-forsk-coding-school.webp,https://forskcodingschool.com/mentors/kavya-srivastava-azure-trainer-jaipur/
FCS-M338,Aditi Singhal,Microsoft Azure,aditi-singhal-azure-trainer-jaipur-forsk-coding-school.webp,https://forskcodingschool.com/mentors/aditi-singhal-azure-trainer-jaipur/
FCS-M339,Sonali Sharma,Microsoft Azure,sonali-sharma-azure-trainer-jaipur-forsk-coding-school.webp,https://forskcodingschool.com/mentors/sonali-sharma-azure-trainer-jaipur/
FCS-M340,Shreya Khanna,Microsoft Azure,shreya-khanna-azure-trainer-jaipur-forsk-coding-school.webp,https://forskcodingschool.com/mentors/shreya-khanna-azure-trainer-jaipur/
FCS-M341,Sonali Menon,DevOps & CI/CD,sonali-menon-devops-trainer-jaipur-forsk-coding-school.webp,https://forskcodingschool.com/mentors/sonali-menon-devops-trainer-jaipur/
FCS-M342,Vivaan Singhal,DevOps & CI/CD,vivaan-singhal-devops-trainer-jaipur-forsk-coding-school.webp,https://forskcodingschool.com/mentors/vivaan-singhal-devops-trainer-jaipur/
FCS-M343,Sakshi Purohit,DevOps & CI/CD,sakshi-purohit-devops-trainer-jaipur-forsk-coding-school.webp,https://forskcodingschool.com/mentors/sakshi-purohit-devops-trainer-jaipur/
FCS-M344,Sonali Chauhan,DevOps & CI/CD,sonali-chauhan-devops-trainer-jaipur-forsk-coding-school.webp,https://forskcodingschool.com/mentors/sonali-chauhan-devops-trainer-jaipur/
FCS-M345,Siya Narula,DevOps & CI/CD,siya-narula-devops-trainer-jaipur-forsk-coding-school.webp,https://forskcodingschool.com/mentors/siya-narula-devops-trainer-jaipur/
FCS-M346,Swati Srivastava,DevOps & CI/CD,swati-srivastava-devops-trainer-jaipur-forsk-coding-school.webp,https://forskcodingschool.com/mentors/swati-srivastava-devops-trainer-jaipur/
FCS-M347,Aman Vyas,DevOps & CI/CD,aman-vyas-devops-trainer-jaipur-forsk-coding-school.webp,https://forskcodingschool.com/mentors/aman-vyas-devops-trainer-jaipur/
FCS-M348,Kunal Khanna,DevOps & CI/CD,kunal-khanna-devops-trainer-jaipur-forsk-coding-school.webp,https://forskcodingschool.com/mentors/kunal-khanna-devops-trainer-jaipur/
FCS-M349,Kritika Thakur,DevOps & CI/CD,kritika-thakur-devops-trainer-jaipur-forsk-coding-school.webp,https://forskcodingschool.com/mentors/kritika-thakur-devops-trainer-jaipur/
FCS-M350,Kunal Wadhwa,DevOps & CI/CD,kunal-wadhwa-devops-trainer-jaipur-forsk-coding-school.webp,https://forskcodingschool.com/mentors/kunal-wadhwa-devops-trainer-jaipur/
FCS-M351,Khushi Wadhwa,Software Testing & QA,khushi-wadhwa-software-testing-trainer-jaipur-forsk-coding-school.webp,https://forskcodingschool.com/mentors/khushi-wadhwa-software-testing-trainer-jaipur/
FCS-M352,Kanika Menon,Software Testing & QA,kanika-menon-software-testing-trainer-jaipur-forsk-coding-school.webp,https://forskcodingschool.com/mentors/kanika-menon-software-testing-trainer-jaipur/
FCS-M353,Saanvi Kashyap,Software Testing & QA,saanvi-kashyap-software-testing-trainer-jaipur-forsk-coding-school.webp,https://forskcodingschool.com/mentors/saanvi-kashyap-software-testing-trainer-jaipur/
FCS-M354,Urvashi Reddy,Software Testing & QA,urvashi-reddy-software-testing-trainer-jaipur-forsk-coding-school.webp,https://forskcodingschool.com/mentors/urvashi-reddy-software-testing-trainer-jaipur/
FCS-M355,Kabir Bansal,Software Testing & QA,kabir-bansal-software-testing-trainer-jaipur-forsk-coding-school.webp,https://forskcodingschool.com/mentors/kabir-bansal-software-testing-trainer-jaipur/
FCS-M356,Upasana Bhatia,Software Testing & QA,upasana-bhatia-software-testing-trainer-jaipur-forsk-coding-school.webp,https://forskcodingschool.com/mentors/upasana-bhatia-software-testing-trainer-jaipur/
FCS-M357,Siddharth Agarwal,Software Testing & QA,siddharth-agarwal-software-testing-trainer-jaipur-forsk-coding-school.webp,https://forskcodingschool.com/mentors/siddharth-agarwal-software-testing-trainer-jaipur/
FCS-M358,Gauri Mehta,Software Testing & QA,gauri-mehta-software-testing-trainer-jaipur-forsk-coding-school.webp,https://forskcodingschool.com/mentors/gauri-mehta-software-testing-trainer-jaipur/
FCS-M359,Aditi Sodhi,Software Testing & QA,aditi-sodhi-software-testing-trainer-jaipur-forsk-coding-school.webp,https://forskcodingschool.com/mentors/aditi-sodhi-software-testing-trainer-jaipur/
FCS-M360,Aarav Sodhi,Software Testing & QA,aarav-sodhi-software-testing-trainer-jaipur-forsk-coding-school.webp,https://forskcodingschool.com/mentors/aarav-sodhi-software-testing-trainer-jaipur/
FCS-M361,Dhruv Maheshwari,Test Automation,dhruv-maheshwari-automation-testing-trainer-jaipur-forsk-coding-school.webp,https://forskcodingschool.com/mentors/dhruv-maheshwari-automation-testing-trainer-jaipur/
FCS-M362,Isha Arora,Test Automation,isha-arora-automation-testing-trainer-jaipur-forsk-coding-school.webp,https://forskcodingschool.com/mentors/isha-arora-automation-testing-trainer-jaipur/
FCS-M363,Neeraj Mittal,Test Automation,neeraj-mittal-automation-testing-trainer-jaipur-forsk-coding-school.webp,https://forskcodingschool.com/mentors/neeraj-mittal-automation-testing-trainer-jaipur/
FCS-M364,Rishi Joshi,Test Automation,rishi-joshi-automation-testing-trainer-jaipur-forsk-coding-school.webp,https://forskcodingschool.com/mentors/rishi-joshi-automation-testing-trainer-jaipur/
FCS-M365,Piyush Sethi,Test Automation,piyush-sethi-automation-testing-trainer-jaipur-forsk-coding-school.webp,https://forskcodingschool.com/mentors/piyush-sethi-automation-testing-trainer-jaipur/
FCS-M366,Neeraj Mathur,Test Automation,neeraj-mathur-automation-testing-trainer-jaipur-forsk-coding-school.webp,https://forskcodingschool.com/mentors/neeraj-mathur-automation-testing-trainer-jaipur/
FCS-M367,Shubham Juneja,Test Automation,shubham-juneja-automation-testing-trainer-jaipur-forsk-coding-school.webp,https://forskcodingschool.com/mentors/shubham-juneja-automation-testing-trainer-jaipur/
FCS-M368,Tamanna Verma,Test Automation,tamanna-verma-automation-testing-trainer-jaipur-forsk-coding-school.webp,https://forskcodingschool.com/mentors/tamanna-verma-automation-testing-trainer-jaipur/
FCS-M369,Sameer Joshi,Test Automation,sameer-joshi-automation-testing-trainer-jaipur-forsk-coding-school.webp,https://forskcodingschool.com/mentors/sameer-joshi-automation-testing-trainer-jaipur/
FCS-M370,Isha Dubey,Test Automation,isha-dubey-automation-testing-trainer-jaipur-forsk-coding-school.webp,https://forskcodingschool.com/mentors/isha-dubey-automation-testing-trainer-jaipur/
FCS-M371,Ojasvi Agarwal,UI/UX & Web Design,ojasvi-agarwal-ui-ux-trainer-jaipur-forsk-coding-school.webp,https://forskcodingschool.com/mentors/ojasvi-agarwal-ui-ux-trainer-jaipur/
FCS-M372,Ojasvi Malhotra,UI/UX & Web Design,ojasvi-malhotra-ui-ux-trainer-jaipur-forsk-coding-school.webp,https://forskcodingschool.com/mentors/ojasvi-malhotra-ui-ux-trainer-jaipur/
FCS-M373,Rashmi Verma,UI/UX & Web Design,rashmi-verma-ui-ux-trainer-jaipur-forsk-coding-school.webp,https://forskcodingschool.com/mentors/rashmi-verma-ui-ux-trainer-jaipur/
FCS-M374,Aarohi Bose,UI/UX & Web Design,aarohi-bose-ui-ux-trainer-jaipur-forsk-coding-school.webp,https://forskcodingschool.com/mentors/aarohi-bose-ui-ux-trainer-jaipur/
FCS-M375,Ojasvi Desai,UI/UX & Web Design,ojasvi-desai-ui-ux-trainer-jaipur-forsk-coding-school.webp,https://forskcodingschool.com/mentors/ojasvi-desai-ui-ux-trainer-jaipur/
FCS-M376,Saanvi Kapoor,UI/UX & Web Design,saanvi-kapoor-ui-ux-trainer-jaipur-forsk-coding-school.webp,https://forskcodingschool.com/mentors/saanvi-kapoor-ui-ux-trainer-jaipur/
FCS-M377,Avni Patil,UI/UX & Web Design,avni-patil-ui-ux-trainer-jaipur-forsk-coding-school.webp,https://forskcodingschool.com/mentors/avni-patil-ui-ux-trainer-jaipur/
FCS-M378,Aman Rao,UI/UX & Web Design,aman-rao-ui-ux-trainer-jaipur-forsk-coding-school.webp,https://forskcodingschool.com/mentors/aman-rao-ui-ux-trainer-jaipur/
FCS-M379,Vaishnavi Kashyap,UI/UX & Web Design,vaishnavi-kashyap-ui-ux-trainer-jaipur-forsk-coding-school.webp,https://forskcodingschool.com/mentors/vaishnavi-kashyap-ui-ux-trainer-jaipur/
FCS-M380,Naina Dutta,UI/UX & Web Design,naina-dutta-ui-ux-trainer-jaipur-forsk-coding-school.webp,https://forskcodingschool.com/mentors/naina-dutta-ui-ux-trainer-jaipur/
FCS-M381,Khushi Chawla,Digital Marketing & SEO,khushi-chawla-digital-marketing-trainer-jaipur-forsk-coding-school.webp,https://forskcodingschool.com/mentors/khushi-chawla-digital-marketing-trainer-jaipur/
FCS-M382,Nikhil Gill,Digital Marketing & SEO,nikhil-gill-digital-marketing-trainer-jaipur-forsk-coding-school.webp,https://forskcodingschool.com/mentors/nikhil-gill-digital-marketing-trainer-jaipur/
FCS-M383,Yashika Bansal,Digital Marketing & SEO,yashika-bansal-digital-marketing-trainer-jaipur-forsk-coding-school.webp,https://forskcodingschool.com/mentors/yashika-bansal-digital-marketing-trainer-jaipur/
FCS-M384,Vani Chawla,Digital Marketing & SEO,vani-chawla-digital-marketing-trainer-jaipur-forsk-coding-school.webp,https://forskcodingschool.com/mentors/vani-chawla-digital-marketing-trainer-jaipur/
FCS-M385,Mohit Bhatia,Digital Marketing & SEO,mohit-bhatia-digital-marketing-trainer-jaipur-forsk-coding-school.webp,https://forskcodingschool.com/mentors/mohit-bhatia-digital-marketing-trainer-jaipur/
FCS-M386,Uday Vyas,Digital Marketing & SEO,uday-vyas-digital-marketing-trainer-jaipur-forsk-coding-school.webp,https://forskcodingschool.com/mentors/uday-vyas-digital-marketing-trainer-jaipur/
FCS-M387,Ishaan Jain,Digital Marketing & SEO,ishaan-jain-digital-marketing-trainer-jaipur-forsk-coding-school.webp,https://forskcodingschool.com/mentors/ishaan-jain-digital-marketing-trainer-jaipur/
FCS-M388,Swati Mishra,Digital Marketing & SEO,swati-mishra-digital-marketing-trainer-jaipur-forsk-coding-school.webp,https://forskcodingschool.com/mentors/swati-mishra-digital-marketing-trainer-jaipur/
FCS-M389,Ekta Juneja,Digital Marketing & SEO,ekta-juneja-digital-marketing-trainer-jaipur-forsk-coding-school.webp,https://forskcodingschool.com/mentors/ekta-juneja-digital-marketing-trainer-jaipur/
FCS-M390,Naina Jain,Digital Marketing & SEO,naina-jain-digital-marketing-trainer-jaipur-forsk-coding-school.webp,https://forskcodingschool.com/mentors/naina-jain-digital-marketing-trainer-jaipur/
FCS-M391,Aman Ghosh,Git/GitHub & Software Engineering,aman-ghosh-git-github-mentor-jaipur-forsk-coding-school.webp,https://forskcodingschool.com/mentors/aman-ghosh-git-github-mentor-jaipur/
FCS-M392,Kanika Kohli,Git/GitHub & Software Engineering,kanika-kohli-git-github-mentor-jaipur-forsk-coding-school.webp,https://forskcodingschool.com/mentors/kanika-kohli-git-github-mentor-jaipur/
FCS-M393,Parul Tiwari,Git/GitHub & Software Engineering,parul-tiwari-git-github-mentor-jaipur-forsk-coding-school.webp,https://forskcodingschool.com/mentors/parul-tiwari-git-github-mentor-jaipur/
FCS-M394,Kartik Reddy,Git/GitHub & Software Engineering,kartik-reddy-git-github-mentor-jaipur-forsk-coding-school.webp,https://forskcodingschool.com/mentors/kartik-reddy-git-github-mentor-jaipur/
FCS-M395,Sameer Malhotra,Git/GitHub & Software Engineering,sameer-malhotra-git-github-mentor-jaipur-forsk-coding-school.webp,https://forskcodingschool.com/mentors/sameer-malhotra-git-github-mentor-jaipur/
FCS-M396,Pooja Iyer,Git/GitHub & Software Engineering,pooja-iyer-git-github-mentor-jaipur-forsk-coding-school.webp,https://forskcodingschool.com/mentors/pooja-iyer-git-github-mentor-jaipur/
FCS-M397,Manish Thakur,Git/GitHub & Software Engineering,manish-thakur-git-github-mentor-jaipur-forsk-coding-school.webp,https://forskcodingschool.com/mentors/manish-thakur-git-github-mentor-jaipur/
FCS-M398,Pranav Malhotra,Git/GitHub & Software Engineering,pranav-malhotra-git-github-mentor-jaipur-forsk-coding-school.webp,https://forskcodingschool.com/mentors/pranav-malhotra-git-github-mentor-jaipur/
FCS-M399,Naina Joshi,Git/GitHub & Software Engineering,naina-joshi-git-github-mentor-jaipur-forsk-coding-school.webp,https://forskcodingschool.com/mentors/naina-joshi-git-github-mentor-jaipur/
FCS-M400,Ojasvi Patel,Git/GitHub & Software Engineering,ojasvi-patel-git-github-mentor-jaipur-forsk-coding-school.webp,https://forskcodingschool.com/mentors/ojasvi-patel-git-github-mentor-jaipur/
FCS-M401,Reyansh Yadav,Salesforce & CRM Development,reyansh-yadav-salesforce-trainer-jaipur-forsk-coding-school.webp,https://forskcodingschool.com/mentors/reyansh-yadav-salesforce-trainer-jaipur/
FCS-M402,Shreya Yadav,Salesforce & CRM Development,shreya-yadav-salesforce-trainer-jaipur-forsk-coding-school.webp,https://forskcodingschool.com/mentors/shreya-yadav-salesforce-trainer-jaipur/
FCS-M403,Kunal Anand,Salesforce & CRM Development,kunal-anand-salesforce-trainer-jaipur-forsk-coding-school.webp,https://forskcodingschool.com/mentors/kunal-anand-salesforce-trainer-jaipur/
FCS-M404,Nandini Maheshwari,Salesforce & CRM Development,nandini-maheshwari-salesforce-trainer-jaipur-forsk-coding-school.webp,https://forskcodingschool.com/mentors/nandini-maheshwari-salesforce-trainer-jaipur/
FCS-M405,Deepika Rajput,Salesforce & CRM Development,deepika-rajput-salesforce-trainer-jaipur-forsk-coding-school.webp,https://forskcodingschool.com/mentors/deepika-rajput-salesforce-trainer-jaipur/
FCS-M406,Neha Bhatia,Salesforce & CRM Development,neha-bhatia-salesforce-trainer-jaipur-forsk-coding-school.webp,https://forskcodingschool.com/mentors/neha-bhatia-salesforce-trainer-jaipur/
FCS-M407,Kanika Bajaj,Salesforce & CRM Development,kanika-bajaj-salesforce-trainer-jaipur-forsk-coding-school.webp,https://forskcodingschool.com/mentors/kanika-bajaj-salesforce-trainer-jaipur/
FCS-M408,Vaishnavi Juneja,Salesforce & CRM Development,vaishnavi-juneja-salesforce-trainer-jaipur-forsk-coding-school.webp,https://forskcodingschool.com/mentors/vaishnavi-juneja-salesforce-trainer-jaipur/
FCS-M409,Swati Pawar,Salesforce & CRM Development,swati-pawar-salesforce-trainer-jaipur-forsk-coding-school.webp,https://forskcodingschool.com/mentors/swati-pawar-salesforce-trainer-jaipur/
FCS-M410,Mahima Bhatia,Salesforce & CRM Development,mahima-bhatia-salesforce-trainer-jaipur-forsk-coding-school.webp,https://forskcodingschool.com/mentors/mahima-bhatia-salesforce-trainer-jaipur/
FCS-M411,Jhanvi Bose,R Programming & Analytics,jhanvi-bose-r-programming-trainer-jaipur-forsk-coding-school.webp,https://forskcodingschool.com/mentors/jhanvi-bose-r-programming-trainer-jaipur/
FCS-M412,Shubham Wadhwa,R Programming & Analytics,shubham-wadhwa-r-programming-trainer-jaipur-forsk-coding-school.webp,https://forskcodingschool.com/mentors/shubham-wadhwa-r-programming-trainer-jaipur/
FCS-M413,Akash Bose,R Programming & Analytics,akash-bose-r-programming-trainer-jaipur-forsk-coding-school.webp,https://forskcodingschool.com/mentors/akash-bose-r-programming-trainer-jaipur/
FCS-M414,Vishal Kapoor,R Programming & Analytics,vishal-kapoor-r-programming-trainer-jaipur-forsk-coding-school.webp,https://forskcodingschool.com/mentors/vishal-kapoor-r-programming-trainer-jaipur/
FCS-M415,Yash Shah,R Programming & Analytics,yash-shah-r-programming-trainer-jaipur-forsk-coding-school.webp,https://forskcodingschool.com/mentors/yash-shah-r-programming-trainer-jaipur/
FCS-M416,Kritika Bhatia,R Programming & Analytics,kritika-bhatia-r-programming-trainer-jaipur-forsk-coding-school.webp,https://forskcodingschool.com/mentors/kritika-bhatia-r-programming-trainer-jaipur/
FCS-M417,Kanika Saini,R Programming & Analytics,kanika-saini-r-programming-trainer-jaipur-forsk-coding-school.webp,https://forskcodingschool.com/mentors/kanika-saini-r-programming-trainer-jaipur/
FCS-M418,Palak Joshi,R Programming & Analytics,palak-joshi-r-programming-trainer-jaipur-forsk-coding-school.webp,https://forskcodingschool.com/mentors/palak-joshi-r-programming-trainer-jaipur/
FCS-M419,Mohit Juneja,R Programming & Analytics,mohit-juneja-r-programming-trainer-jaipur-forsk-coding-school.webp,https://forskcodingschool.com/mentors/mohit-juneja-r-programming-trainer-jaipur/
FCS-M420,Krishna Ahuja,R Programming & Analytics,krishna-ahuja-r-programming-trainer-jaipur-forsk-coding-school.webp,https://forskcodingschool.com/mentors/krishna-ahuja-r-programming-trainer-jaipur/
FCS-M421,Aarohi Mishra,Computer Vision,aarohi-mishra-computer-vision-trainer-jaipur-forsk-coding-school.webp,https://forskcodingschool.com/mentors/aarohi-mishra-computer-vision-trainer-jaipur/
FCS-M422,Uday Kapoor,Computer Vision,uday-kapoor-computer-vision-trainer-jaipur-forsk-coding-school.webp,https://forskcodingschool.com/mentors/uday-kapoor-computer-vision-trainer-jaipur/
FCS-M423,Lavanya Vyas,Computer Vision,lavanya-vyas-computer-vision-trainer-jaipur-forsk-coding-school.webp,https://forskcodingschool.com/mentors/lavanya-vyas-computer-vision-trainer-jaipur/
FCS-M424,Piyush Goyal,Computer Vision,piyush-goyal-computer-vision-trainer-jaipur-forsk-coding-school.webp,https://forskcodingschool.com/mentors/piyush-goyal-computer-vision-trainer-jaipur/
FCS-M425,Varun Mathur,Computer Vision,varun-mathur-computer-vision-trainer-jaipur-forsk-coding-school.webp,https://forskcodingschool.com/mentors/varun-mathur-computer-vision-trainer-jaipur/
FCS-M426,Vaishnavi Jadhav,Computer Vision,vaishnavi-jadhav-computer-vision-trainer-jaipur-forsk-coding-school.webp,https://forskcodingschool.com/mentors/vaishnavi-jadhav-computer-vision-trainer-jaipur/
FCS-M427,Deepika Narula,Computer Vision,deepika-narula-computer-vision-trainer-jaipur-forsk-coding-school.webp,https://forskcodingschool.com/mentors/deepika-narula-computer-vision-trainer-jaipur/
FCS-M428,Vaishnavi Gill,Computer Vision,vaishnavi-gill-computer-vision-trainer-jaipur-forsk-coding-school.webp,https://forskcodingschool.com/mentors/vaishnavi-gill-computer-vision-trainer-jaipur/
FCS-M429,Dhruv Ahuja,Computer Vision,dhruv-ahuja-computer-vision-trainer-jaipur-forsk-coding-school.webp,https://forskcodingschool.com/mentors/dhruv-ahuja-computer-vision-trainer-jaipur/
FCS-M430,Dhruv Goyal,Computer Vision,dhruv-goyal-computer-vision-trainer-jaipur-forsk-coding-school.webp,https://forskcodingschool.com/mentors/dhruv-goyal-computer-vision-trainer-jaipur/
FCS-M431,Tamanna Pillai,NLP & Deep Learning,tamanna-pillai-nlp-deep-learning-trainer-jaipur-forsk-coding-school.webp,https://forskcodingschool.com/mentors/tamanna-pillai-nlp-deep-learning-trainer-jaipur/
FCS-M432,Parul Maheshwari,NLP & Deep Learning,parul-maheshwari-nlp-deep-learning-trainer-jaipur-forsk-coding-school.webp,https://forskcodingschool.com/mentors/parul-maheshwari-nlp-deep-learning-trainer-jaipur/
FCS-M433,Vedant Reddy,NLP & Deep Learning,vedant-reddy-nlp-deep-learning-trainer-jaipur-forsk-coding-school.webp,https://forskcodingschool.com/mentors/vedant-reddy-nlp-deep-learning-trainer-jaipur/
FCS-M434,Shreya Tripathi,NLP & Deep Learning,shreya-tripathi-nlp-deep-learning-trainer-jaipur-forsk-coding-school.webp,https://forskcodingschool.com/mentors/shreya-tripathi-nlp-deep-learning-trainer-jaipur/
FCS-M435,Harsh Kohli,NLP & Deep Learning,harsh-kohli-nlp-deep-learning-trainer-jaipur-forsk-coding-school.webp,https://forskcodingschool.com/mentors/harsh-kohli-nlp-deep-learning-trainer-jaipur/
FCS-M436,Mahima Singh,NLP & Deep Learning,mahima-singh-nlp-deep-learning-trainer-jaipur-forsk-coding-school.webp,https://forskcodingschool.com/mentors/mahima-singh-nlp-deep-learning-trainer-jaipur/
FCS-M437,Avni Singh,NLP & Deep Learning,avni-singh-nlp-deep-learning-trainer-jaipur-forsk-coding-school.webp,https://forskcodingschool.com/mentors/avni-singh-nlp-deep-learning-trainer-jaipur/
FCS-M438,Kartik Pandey,NLP & Deep Learning,kartik-pandey-nlp-deep-learning-trainer-jaipur-forsk-coding-school.webp,https://forskcodingschool.com/mentors/kartik-pandey-nlp-deep-learning-trainer-jaipur/
FCS-M439,Swati Kashyap,NLP & Deep Learning,swati-kashyap-nlp-deep-learning-trainer-jaipur-forsk-coding-school.webp,https://forskcodingschool.com/mentors/swati-kashyap-nlp-deep-learning-trainer-jaipur/
FCS-M440,Manish Anand,NLP & Deep Learning,manish-anand-nlp-deep-learning-trainer-jaipur-forsk-coding-school.webp,https://forskcodingschool.com/mentors/manish-anand-nlp-deep-learning-trainer-jaipur/
FCS-M441,Nandini Arora,MLOps & AI Deployment,nandini-arora-mlops-trainer-jaipur-forsk-coding-school.webp,https://forskcodingschool.com/mentors/nandini-arora-mlops-trainer-jaipur/
FCS-M442,Parul Chawla,MLOps & AI Deployment,parul-chawla-mlops-trainer-jaipur-forsk-coding-school.webp,https://forskcodingschool.com/mentors/parul-chawla-mlops-trainer-jaipur/
FCS-M443,Kanika Singhal,MLOps & AI Deployment,kanika-singhal-mlops-trainer-jaipur-forsk-coding-school.webp,https://forskcodingschool.com/mentors/kanika-singhal-mlops-trainer-jaipur/
FCS-M444,Tarun Menon,MLOps & AI Deployment,tarun-menon-mlops-trainer-jaipur-forsk-coding-school.webp,https://forskcodingschool.com/mentors/tarun-menon-mlops-trainer-jaipur/
FCS-M445,Trisha Prasad,MLOps & AI Deployment,trisha-prasad-mlops-trainer-jaipur-forsk-coding-school.webp,https://forskcodingschool.com/mentors/trisha-prasad-mlops-trainer-jaipur/
FCS-M446,Kartik Sodhi,MLOps & AI Deployment,kartik-sodhi-mlops-trainer-jaipur-forsk-coding-school.webp,https://forskcodingschool.com/mentors/kartik-sodhi-mlops-trainer-jaipur/
FCS-M447,Varun Kohli,MLOps & AI Deployment,varun-kohli-mlops-trainer-jaipur-forsk-coding-school.webp,https://forskcodingschool.com/mentors/varun-kohli-mlops-trainer-jaipur/
FCS-M448,Laksh Pawar,MLOps & AI Deployment,laksh-pawar-mlops-trainer-jaipur-forsk-coding-school.webp,https://forskcodingschool.com/mentors/laksh-pawar-mlops-trainer-jaipur/
FCS-M449,Muskan Vyas,MLOps & AI Deployment,muskan-vyas-mlops-trainer-jaipur-forsk-coding-school.webp,https://forskcodingschool.com/mentors/muskan-vyas-mlops-trainer-jaipur/
FCS-M450,Avni Jain,MLOps & AI Deployment,avni-jain-mlops-trainer-jaipur-forsk-coding-school.webp,https://forskcodingschool.com/mentors/avni-jain-mlops-trainer-jaipur/
FCS-M451,Kavya Patil,Database Administration & MySQL/PostgreSQL,kavya-patil-database-trainer-jaipur-forsk-coding-school.webp,https://forskcodingschool.com/mentors/kavya-patil-database-trainer-jaipur/
FCS-M452,Radhika Reddy,Database Administration & MySQL/PostgreSQL,radhika-reddy-database-trainer-jaipur-forsk-coding-school.webp,https://forskcodingschool.com/mentors/radhika-reddy-database-trainer-jaipur/
FCS-M453,Charu Yadav,Database Administration & MySQL/PostgreSQL,charu-yadav-database-trainer-jaipur-forsk-coding-school.webp,https://forskcodingschool.com/mentors/charu-yadav-database-trainer-jaipur/
FCS-M454,Mahima Maheshwari,Database Administration & MySQL/PostgreSQL,mahima-maheshwari-database-trainer-jaipur-forsk-coding-school.webp,https://forskcodingschool.com/mentors/mahima-maheshwari-database-trainer-jaipur/
FCS-M455,Manish Malhotra,Database Administration & MySQL/PostgreSQL,manish-malhotra-database-trainer-jaipur-forsk-coding-school.webp,https://forskcodingschool.com/mentors/manish-malhotra-database-trainer-jaipur/
FCS-M456,Swati Mittal,Database Administration & MySQL/PostgreSQL,swati-mittal-database-trainer-jaipur-forsk-coding-school.webp,https://forskcodingschool.com/mentors/swati-mittal-database-trainer-jaipur/
FCS-M457,Sameer Tripathi,Database Administration & MySQL/PostgreSQL,sameer-tripathi-database-trainer-jaipur-forsk-coding-school.webp,https://forskcodingschool.com/mentors/sameer-tripathi-database-trainer-jaipur/
FCS-M458,Diya Iyer,Database Administration & MySQL/PostgreSQL,diya-iyer-database-trainer-jaipur-forsk-coding-school.webp,https://forskcodingschool.com/mentors/diya-iyer-database-trainer-jaipur/
FCS-M459,Manish Desai,Database Administration & MySQL/PostgreSQL,manish-desai-database-trainer-jaipur-forsk-coding-school.webp,https://forskcodingschool.com/mentors/manish-desai-database-trainer-jaipur/
FCS-M460,Ishita Kashyap,Database Administration & MySQL/PostgreSQL,ishita-kashyap-database-trainer-jaipur-forsk-coding-school.webp,https://forskcodingschool.com/mentors/ishita-kashyap-database-trainer-jaipur/
FCS-M461,Ananya Kohli,Web Scraping & Automation,ananya-kohli-python-automation-trainer-jaipur-forsk-coding-school.webp,https://forskcodingschool.com/mentors/ananya-kohli-python-automation-trainer-jaipur/
FCS-M462,Saanvi Mishra,Web Scraping & Automation,saanvi-mishra-python-automation-trainer-jaipur-forsk-coding-school.webp,https://forskcodingschool.com/mentors/saanvi-mishra-python-automation-trainer-jaipur/
FCS-M463,Krishna Das,Web Scraping & Automation,krishna-das-python-automation-trainer-jaipur-forsk-coding-school.webp,https://forskcodingschool.com/mentors/krishna-das-python-automation-trainer-jaipur/
FCS-M464,Vivaan Choudhary,Web Scraping & Automation,vivaan-choudhary-python-automation-trainer-jaipur-forsk-coding-school.webp,https://forskcodingschool.com/mentors/vivaan-choudhary-python-automation-trainer-jaipur/
FCS-M465,Muskan Ahuja,Web Scraping & Automation,muskan-ahuja-python-automation-trainer-jaipur-forsk-coding-school.webp,https://forskcodingschool.com/mentors/muskan-ahuja-python-automation-trainer-jaipur/
FCS-M466,Reyansh Chauhan,Web Scraping & Automation,reyansh-chauhan-python-automation-trainer-jaipur-forsk-coding-school.webp,https://forskcodingschool.com/mentors/reyansh-chauhan-python-automation-trainer-jaipur/
FCS-M467,Vishal Malhotra,Web Scraping & Automation,vishal-malhotra-python-automation-trainer-jaipur-forsk-coding-school.webp,https://forskcodingschool.com/mentors/vishal-malhotra-python-automation-trainer-jaipur/
FCS-M468,Avni Rao,Web Scraping & Automation,avni-rao-python-automation-trainer-jaipur-forsk-coding-school.webp,https://forskcodingschool.com/mentors/avni-rao-python-automation-trainer-jaipur/
FCS-M469,Vani Tiwari,Web Scraping & Automation,vani-tiwari-python-automation-trainer-jaipur-forsk-coding-school.webp,https://forskcodingschool.com/mentors/vani-tiwari-python-automation-trainer-jaipur/
FCS-M470,Nikita Rao,Web Scraping & Automation,nikita-rao-python-automation-trainer-jaipur-forsk-coding-school.webp,https://forskcodingschool.com/mentors/nikita-rao-python-automation-trainer-jaipur/
FCS-M471,Palak Ghosh,Aptitude & Technical Interview Prep,palak-ghosh-interview-preparation-mentor-jaipur-forsk-coding-school.webp,https://forskcodingschool.com/mentors/palak-ghosh-interview-preparation-mentor-jaipur/
FCS-M472,Kritika Vyas,Aptitude & Technical Interview Prep,kritika-vyas-interview-preparation-mentor-jaipur-forsk-coding-school.webp,https://forskcodingschool.com/mentors/kritika-vyas-interview-preparation-mentor-jaipur/
FCS-M473,Tanvi Sodhi,Aptitude & Technical Interview Prep,tanvi-sodhi-interview-preparation-mentor-jaipur-forsk-coding-school.webp,https://forskcodingschool.com/mentors/tanvi-sodhi-interview-preparation-mentor-jaipur/
FCS-M474,Radhika Sodhi,Aptitude & Technical Interview Prep,radhika-sodhi-interview-preparation-mentor-jaipur-forsk-coding-school.webp,https://forskcodingschool.com/mentors/radhika-sodhi-interview-preparation-mentor-jaipur/
FCS-M475,Siya Tripathi,Aptitude & Technical Interview Prep,siya-tripathi-interview-preparation-mentor-jaipur-forsk-coding-school.webp,https://forskcodingschool.com/mentors/siya-tripathi-interview-preparation-mentor-jaipur/
FCS-M476,Urvashi Yadav,Aptitude & Technical Interview Prep,urvashi-yadav-interview-preparation-mentor-jaipur-forsk-coding-school.webp,https://forskcodingschool.com/mentors/urvashi-yadav-interview-preparation-mentor-jaipur/
FCS-M477,Yash Chawla,Aptitude & Technical Interview Prep,yash-chawla-interview-preparation-mentor-jaipur-forsk-coding-school.webp,https://forskcodingschool.com/mentors/yash-chawla-interview-preparation-mentor-jaipur/
FCS-M478,Kavya Desai,Aptitude & Technical Interview Prep,kavya-desai-interview-preparation-mentor-jaipur-forsk-coding-school.webp,https://forskcodingschool.com/mentors/kavya-desai-interview-preparation-mentor-jaipur/
FCS-M479,Naina Gill,Aptitude & Technical Interview Prep,naina-gill-interview-preparation-mentor-jaipur-forsk-coding-school.webp,https://forskcodingschool.com/mentors/naina-gill-interview-preparation-mentor-jaipur/
FCS-M480,Piyush Wadhwa,Aptitude & Technical Interview Prep,piyush-wadhwa-interview-preparation-mentor-jaipur-forsk-coding-school.webp,https://forskcodingschool.com/mentors/piyush-wadhwa-interview-preparation-mentor-jaipur/
FCS-M481,Vishal Goel,Computer Fundamentals & IT Skills,vishal-goel-computer-fundamentals-trainer-jaipur-forsk-coding-school.webp,https://forskcodingschool.com/mentors/vishal-goel-computer-fundamentals-trainer-jaipur/
FCS-M482,Nikhil Iyer,Computer Fundamentals & IT Skills,nikhil-iyer-computer-fundamentals-trainer-jaipur-forsk-coding-school.webp,https://forskcodingschool.com/mentors/nikhil-iyer-computer-fundamentals-trainer-jaipur/
FCS-M483,Vidhi Pandey,Computer Fundamentals & IT Skills,vidhi-pandey-computer-fundamentals-trainer-jaipur-forsk-coding-school.webp,https://forskcodingschool.com/mentors/vidhi-pandey-computer-fundamentals-trainer-jaipur/
FCS-M484,Ekta Ghosh,Computer Fundamentals & IT Skills,ekta-ghosh-computer-fundamentals-trainer-jaipur-forsk-coding-school.webp,https://forskcodingschool.com/mentors/ekta-ghosh-computer-fundamentals-trainer-jaipur/
FCS-M485,Neha Rathore,Computer Fundamentals & IT Skills,neha-rathore-computer-fundamentals-trainer-jaipur-forsk-coding-school.webp,https://forskcodingschool.com/mentors/neha-rathore-computer-fundamentals-trainer-jaipur/
FCS-M486,Hina Chauhan,Computer Fundamentals & IT Skills,hina-chauhan-computer-fundamentals-trainer-jaipur-forsk-coding-school.webp,https://forskcodingschool.com/mentors/hina-chauhan-computer-fundamentals-trainer-jaipur/
FCS-M487,Kritika Mishra,Computer Fundamentals & IT Skills,kritika-mishra-computer-fundamentals-trainer-jaipur-forsk-coding-school.webp,https://forskcodingschool.com/mentors/kritika-mishra-computer-fundamentals-trainer-jaipur/
FCS-M488,Sneha Pandey,Computer Fundamentals & IT Skills,sneha-pandey-computer-fundamentals-trainer-jaipur-forsk-coding-school.webp,https://forskcodingschool.com/mentors/sneha-pandey-computer-fundamentals-trainer-jaipur/
FCS-M489,Ojasvi Nair,Computer Fundamentals & IT Skills,ojasvi-nair-computer-fundamentals-trainer-jaipur-forsk-coding-school.webp,https://forskcodingschool.com/mentors/ojasvi-nair-computer-fundamentals-trainer-jaipur/
FCS-M490,Deepika Wadhwa,Computer Fundamentals & IT Skills,deepika-wadhwa-computer-fundamentals-trainer-jaipur-forsk-coding-school.webp,https://forskcodingschool.com/mentors/deepika-wadhwa-computer-fundamentals-trainer-jaipur/
FCS-M491,Urvashi Joshi,Data Visualization & Reporting,urvashi-joshi-data-visualization-trainer-jaipur-forsk-coding-school.webp,https://forskcodingschool.com/mentors/urvashi-joshi-data-visualization-trainer-jaipur/
FCS-M492,Vani Sodhi,Data Visualization & Reporting,vani-sodhi-data-visualization-trainer-jaipur-forsk-coding-school.webp,https://forskcodingschool.com/mentors/vani-sodhi-data-visualization-trainer-jaipur/
FCS-M493,Isha Bajaj,Data Visualization & Reporting,isha-bajaj-data-visualization-trainer-jaipur-forsk-coding-school.webp,https://forskcodingschool.com/mentors/isha-bajaj-data-visualization-trainer-jaipur/
FCS-M494,Dhruv Vyas,Data Visualization & Reporting,dhruv-vyas-data-visualization-trainer-jaipur-forsk-coding-school.webp,https://forskcodingschool.com/mentors/dhruv-vyas-data-visualization-trainer-jaipur/
FCS-M495,Sakshi Prasad,Data Visualization & Reporting,sakshi-prasad-data-visualization-trainer-jaipur-forsk-coding-school.webp,https://forskcodingschool.com/mentors/sakshi-prasad-data-visualization-trainer-jaipur/
FCS-M496,Ankit Goyal,Data Visualization & Reporting,ankit-goyal-data-visualization-trainer-jaipur-forsk-coding-school.webp,https://forskcodingschool.com/mentors/ankit-goyal-data-visualization-trainer-jaipur/
FCS-M497,Tushar Dutta,Data Visualization & Reporting,tushar-dutta-data-visualization-trainer-jaipur-forsk-coding-school.webp,https://forskcodingschool.com/mentors/tushar-dutta-data-visualization-trainer-jaipur/
FCS-M498,Kavya Bhardwaj,Data Visualization & Reporting,kavya-bhardwaj-data-visualization-trainer-jaipur-forsk-coding-school.webp,https://forskcodingschool.com/mentors/kavya-bhardwaj-data-visualization-trainer-jaipur/
FCS-M499,Piyush Rathore,Data Visualization & Reporting,piyush-rathore-data-visualization-trainer-jaipur-forsk-coding-school.webp,https://forskcodingschool.com/mentors/piyush-rathore-data-visualization-trainer-jaipur/
FCS-M500,Saanvi Goel,Data Visualization & Reporting,saanvi-goel-data-visualization-trainer-jaipur-forsk-coding-school.webp,https://forskcodingschool.com/mentors/saanvi-goel-data-visualization-trainer-jaipur/
