Mentor ID,Mentor Name,Actual Experience Years,In-house Employment Confirmed,Employer 1,Role 1,From 1,To 1,Employer 2,Role 2,From 2,To 2,Employer 3,Role 3,From 3,To 3,Notes / Evidence Checked
FCS-M001,Vivaan Srivastava,,,,,,,,,,,,,,,
FCS-M002,Vaishnavi Prasad,,,,,,,,,,,,,,,
FCS-M003,Garima Ahuja,,,,,,,,,,,,,,,
FCS-M004,Charu Rathore,,,,,,,,,,,,,,,
FCS-M005,Akash Das,,,,,,,,,,,,,,,
FCS-M006,Kritika Iyer,,,,,,,,,,,,,,,
FCS-M007,Naina Menon,,,,,,,,,,,,,,,
FCS-M008,Manish Iyer,,,,,,,,,,,,,,,
FCS-M009,Rajat Saini,,,,,,,,,,,,,,,
FCS-M010,Aditi Pandey,,,,,,,,,,,,,,,
FCS-M011,Lavanya Roy,,,,,,,,,,,,,,,
FCS-M012,Vivaan Maheshwari,,,,,,,,,,,,,,,
FCS-M013,Vedant Gupta,,,,,,,,,,,,,,,
FCS-M014,Krishna Saxena,,,,,,,,,,,,,,,
FCS-M015,Aditya Patel,,,,,,,,,,,,,,,
FCS-M016,Piyush Maheshwari,,,,,,,,,,,,,,,
FCS-M017,Laksh Menon,,,,,,,,,,,,,,,
FCS-M018,Garima Wadhwa,,,,,,,,,,,,,,,
FCS-M019,Shubham Singhal,,,,,,,,,,,,,,,
FCS-M020,Ekta Bose,,,,,,,,,,,,,,,
FCS-M021,Siddharth Joshi,,,,,,,,,,,,,,,
FCS-M022,Lavanya Anand,,,,,,,,,,,,,,,
FCS-M023,Yash Jadhav,,,,,,,,,,,,,,,
FCS-M024,Sameer Jain,,,,,,,,,,,,,,,
FCS-M025,Dev Khandelwal,,,,,,,,,,,,,,,
FCS-M026,Aarav Chawla,,,,,,,,,,,,,,,
FCS-M027,Sameer Vyas,,,,,,,,,,,,,,,
FCS-M028,Manish Patil,,,,,,,,,,,,,,,
FCS-M029,Tanvi Iyer,,,,,,,,,,,,,,,
FCS-M030,Aarohi Roy,,,,,,,,,,,,,,,
FCS-M031,Tanvi Choudhary,,,,,,,,,,,,,,,
FCS-M032,Meera Bhardwaj,,,,,,,,,,,,,,,
FCS-M033,Ananya Choudhary,,,,,,,,,,,,,,,
FCS-M034,Vishal Menon,,,,,,,,,,,,,,,
FCS-M035,Tushar Saxena,,,,,,,,,,,,,,,
FCS-M036,Pooja Tiwari,,,,,,,,,,,,,,,
FCS-M037,Diya Narula,,,,,,,,,,,,,,,
FCS-M038,Nikita Reddy,,,,,,,,,,,,,,,
FCS-M039,Yashika Jain,,,,,,,,,,,,,,,
FCS-M040,Ankit Khanna,,,,,,,,,,,,,,,
FCS-M041,Gauri Kohli,,,,,,,,,,,,,,,
FCS-M042,Harsh Anand,,,,,,,,,,,,,,,
FCS-M043,Saurabh Mittal,,,,,,,,,,,,,,,
FCS-M044,Diya Shah,,,,,,,,,,,,,,,
FCS-M045,Vaishnavi Mittal,,,,,,,,,,,,,,,
FCS-M046,Ishita Purohit,,,,,,,,,,,,,,,
FCS-M047,Vedant Pandey,,,,,,,,,,,,,,,
FCS-M048,Kanika Tiwari,,,,,,,,,,,,,,,
FCS-M049,Siddharth Arora,,,,,,,,,,,,,,,
FCS-M050,Shruti Prasad,,,,,,,,,,,,,,,
FCS-M051,Priya Rao,,,,,,,,,,,,,,,
FCS-M052,Kabir Bose,,,,,,,,,,,,,,,
FCS-M053,Siya Mathur,,,,,,,,,,,,,,,
FCS-M054,Shubham Saxena,,,,,,,,,,,,,,,
FCS-M055,Akash Jain,,,,,,,,,,,,,,,
FCS-M056,Aditya Bhardwaj,,,,,,,,,,,,,,,
FCS-M057,Diya Yadav,,,,,,,,,,,,,,,
FCS-M058,Manish Purohit,,,,,,,,,,,,,,,
FCS-M059,Aarohi Yadav,,,,,,,,,,,,,,,
FCS-M060,Khushi Goyal,,,,,,,,,,,,,,,
FCS-M061,Aditi Dutta,,,,,,,,,,,,,,,
FCS-M062,Sameer Arora,,,,,,,,,,,,,,,
FCS-M063,Dhruv Iyer,,,,,,,,,,,,,,,
FCS-M064,Ishita Yadav,,,,,,,,,,,,,,,
FCS-M065,Rohan Vyas,,,,,,,,,,,,,,,
FCS-M066,Pranav Shah,,,,,,,,,,,,,,,
FCS-M067,Harsh Mathur,,,,,,,,,,,,,,,
FCS-M068,Ojasvi Goel,,,,,,,,,,,,,,,
FCS-M069,Vani Saini,,,,,,,,,,,,,,,
FCS-M070,Meera Pawar,,,,,,,,,,,,,,,
FCS-M071,Riya Jadhav,,,,,,,,,,,,,,,
FCS-M072,Mohit Iyer,,,,,,,,,,,,,,,
FCS-M073,Palak Maheshwari,,,,,,,,,,,,,,,
FCS-M074,Tamanna Chawla,,,,,,,,,,,,,,,
FCS-M075,Uday Khandelwal,,,,,,,,,,,,,,,
FCS-M076,Riya Kashyap,,,,,,,,,,,,,,,
FCS-M077,Tarun Jain,,,,,,,,,,,,,,,
FCS-M078,Sameer Roy,,,,,,,,,,,,,,,
FCS-M079,Vaishnavi Roy,,,,,,,,,,,,,,,
FCS-M080,Ananya Bajaj,,,,,,,,,,,,,,,
FCS-M081,Manish Bhardwaj,,,,,,,,,,,,,,,
FCS-M082,Shubham Menon,,,,,,,,,,,,,,,
FCS-M083,Jhanvi Saxena,,,,,,,,,,,,,,,
FCS-M084,Ankit Anand,,,,,,,,,,,,,,,
FCS-M085,Vivaan Bose,,,,,,,,,,,,,,,
FCS-M086,Tarun Saxena,,,,,,,,,,,,,,,
FCS-M087,Upasana Arora,,,,,,,,,,,,,,,
FCS-M088,Aarav Desai,,,,,,,,,,,,,,,
FCS-M089,Diya Mathur,,,,,,,,,,,,,,,
FCS-M090,Parul Desai,,,,,,,,,,,,,,,
FCS-M091,Tarun Bajaj,,,,,,,,,,,,,,,
FCS-M092,Kabir Bhardwaj,,,,,,,,,,,,,,,
FCS-M093,Kritika Narula,,,,,,,,,,,,,,,
FCS-M094,Varun Bajaj,,,,,,,,,,,,,,,
FCS-M095,Tarun Ghosh,,,,,,,,,,,,,,,
FCS-M096,Vaishnavi Khandelwal,,,,,,,,,,,,,,,
FCS-M097,Tarun Reddy,,,,,,,,,,,,,,,
FCS-M098,Rajat Iyer,,,,,,,,,,,,,,,
FCS-M099,Siya Reddy,,,,,,,,,,,,,,,
FCS-M100,Priya Singhal,,,,,,,,,,,,,,,
FCS-M101,Urvashi Patil,,,,,,,,,,,,,,,
FCS-M102,Nikita Joshi,,,,,,,,,,,,,,,
FCS-M103,Pooja Reddy,,,,,,,,,,,,,,,
FCS-M104,Upasana Tiwari,,,,,,,,,,,,,,,
FCS-M105,Manish Goel,,,,,,,,,,,,,,,
FCS-M106,Zoya Prasad,,,,,,,,,,,,,,,
FCS-M107,Ishaan Prasad,,,,,,,,,,,,,,,
FCS-M108,Vani Pandey,,,,,,,,,,,,,,,
FCS-M109,Aditi Desai,,,,,,,,,,,,,,,
FCS-M110,Isha Khandelwal,,,,,,,,,,,,,,,
FCS-M111,Kartik Desai,,,,,,,,,,,,,,,
FCS-M112,Isha Joshi,,,,,,,,,,,,,,,
FCS-M113,Mohit Malhotra,,,,,,,,,,,,,,,
FCS-M114,Ritika Kohli,,,,,,,,,,,,,,,
FCS-M115,Vidhi Bansal,,,,,,,,,,,,,,,
FCS-M116,Sonali Kashyap,,,,,,,,,,,,,,,
FCS-M117,Kanika Khanna,,,,,,,,,,,,,,,
FCS-M118,Aarav Maheshwari,,,,,,,,,,,,,,,
FCS-M119,Rashmi Dubey,,,,,,,,,,,,,,,
FCS-M120,Kanika Khandelwal,,,,,,,,,,,,,,,
FCS-M121,Muskan Pillai,,,,,,,,,,,,,,,
FCS-M122,Mansi Desai,,,,,,,,,,,,,,,
FCS-M123,Mahima Sethi,,,,,,,,,,,,,,,
FCS-M124,Kunal Goel,,,,,,,,,,,,,,,
FCS-M125,Jhanvi Khanna,,,,,,,,,,,,,,,
FCS-M126,Parul Dutta,,,,,,,,,,,,,,,
FCS-M127,Aman Bhardwaj,,,,,,,,,,,,,,,
FCS-M128,Palak Verma,,,,,,,,,,,,,,,
FCS-M129,Sneha Reddy,,,,,,,,,,,,,,,
FCS-M130,Manish Dubey,,,,,,,,,,,,,,,
FCS-M131,Deepika Agarwal,,,,,,,,,,,,,,,
FCS-M132,Shubham Bose,,,,,,,,,,,,,,,
FCS-M133,Harsh Kashyap,,,,,,,,,,,,,,,
FCS-M134,Bhavya Bansal,,,,,,,,,,,,,,,
FCS-M135,Riya Bhatia,,,,,,,,,,,,,,,
FCS-M136,Shubham Rajput,,,,,,,,,,,,,,,
FCS-M137,Kavya Das,,,,,,,,,,,,,,,
FCS-M138,Rohan Prasad,,,,,,,,,,,,,,,
FCS-M139,Ananya Shah,,,,,,,,,,,,,,,
FCS-M140,Neeraj Pawar,,,,,,,,,,,,,,,
FCS-M141,Parul Das,,,,,,,,,,,,,,,
FCS-M142,Rishi Ahuja,,,,,,,,,,,,,,,
FCS-M143,Krishna Choudhary,,,,,,,,,,,,,,,
FCS-M144,Krishna Jain,,,,,,,,,,,,,,,
FCS-M145,Siya Bansal,,,,,,,,,,,,,,,
FCS-M146,Rishi Jain,,,,,,,,,,,,,,,
FCS-M147,Gauri Verma,,,,,,,,,,,,,,,
FCS-M148,Trisha Pawar,,,,,,,,,,,,,,,
FCS-M149,Nandini Mathur,,,,,,,,,,,,,,,
FCS-M150,Deepika Ahuja,,,,,,,,,,,,,,,
FCS-M151,Upasana Mehta,,,,,,,,,,,,,,,
FCS-M152,Shubham Gupta,,,,,,,,,,,,,,,
FCS-M153,Nikita Malhotra,,,,,,,,,,,,,,,
FCS-M154,Piyush Narula,,,,,,,,,,,,,,,
FCS-M155,Kritika Choudhary,,,,,,,,,,,,,,,
FCS-M156,Priya Mishra,,,,,,,,,,,,,,,
FCS-M157,Ishita Chawla,,,,,,,,,,,,,,,
FCS-M158,Nikita Ghosh,,,,,,,,,,,,,,,
FCS-M159,Dev Desai,,,,,,,,,,,,,,,
FCS-M160,Aakriti Mathur,,,,,,,,,,,,,,,
FCS-M161,Pooja Saini,,,,,,,,,,,,,,,
FCS-M162,Neha Mittal,,,,,,,,,,,,,,,
FCS-M163,Ishaan Rajput,,,,,,,,,,,,,,,
FCS-M164,Nandini Bose,,,,,,,,,,,,,,,
FCS-M165,Zoya Das,,,,,,,,,,,,,,,
FCS-M166,Vivaan Desai,,,,,,,,,,,,,,,
FCS-M167,Sonali Gill,,,,,,,,,,,,,,,
FCS-M168,Kavya Goyal,,,,,,,,,,,,,,,
FCS-M169,Abhishek Joshi,,,,,,,,,,,,,,,
FCS-M170,Trisha Agarwal,,,,,,,,,,,,,,,
FCS-M171,Priya Sodhi,,,,,,,,,,,,,,,
FCS-M172,Zoya Kapoor,,,,,,,,,,,,,,,
FCS-M173,Dhruv Mishra,,,,,,,,,,,,,,,
FCS-M174,Yashika Agarwal,,,,,,,,,,,,,,,
FCS-M175,Saurabh Gupta,,,,,,,,,,,,,,,
FCS-M176,Tanvi Tripathi,,,,,,,,,,,,,,,
FCS-M177,Vishal Roy,,,,,,,,,,,,,,,
FCS-M178,Deepika Yadav,,,,,,,,,,,,,,,
FCS-M179,Khushi Sodhi,,,,,,,,,,,,,,,
FCS-M180,Yash Kapoor,,,,,,,,,,,,,,,
FCS-M181,Meera Gupta,,,,,,,,,,,,,,,
FCS-M182,Piyush Khanna,,,,,,,,,,,,,,,
FCS-M183,Piyush Roy,,,,,,,,,,,,,,,
FCS-M184,Radhika Thakur,,,,,,,,,,,,,,,
FCS-M185,Reyansh Reddy,,,,,,,,,,,,,,,
FCS-M186,Kunal Khandelwal,,,,,,,,,,,,,,,
FCS-M187,Hina Saxena,,,,,,,,,,,,,,,
FCS-M188,Nikhil Mishra,,,,,,,,,,,,,,,
FCS-M189,Swati Das,,,,,,,,,,,,,,,
FCS-M190,Ayaan Yadav,,,,,,,,,,,,,,,
FCS-M191,Charu Singhal,,,,,,,,,,,,,,,
FCS-M192,Tushar Joshi,,,,,,,,,,,,,,,
FCS-M193,Aakriti Bose,,,,,,,,,,,,,,,
FCS-M194,Mahima Thakur,,,,,,,,,,,,,,,
FCS-M195,Tarun Mishra,,,,,,,,,,,,,,,
FCS-M196,Pooja Bhardwaj,,,,,,,,,,,,,,,
FCS-M197,Urvashi Mehta,,,,,,,,,,,,,,,
FCS-M198,Neeraj Vyas,,,,,,,,,,,,,,,
FCS-M199,Ananya Kashyap,,,,,,,,,,,,,,,
FCS-M200,Pooja Goel,,,,,,,,,,,,,,,
FCS-M201,Rishi Singhal,,,,,,,,,,,,,,,
FCS-M202,Khushi Maheshwari,,,,,,,,,,,,,,,
FCS-M203,Rishi Dutta,,,,,,,,,,,,,,,
FCS-M204,Meera Sethi,,,,,,,,,,,,,,,
FCS-M205,Charu Goyal,,,,,,,,,,,,,,,
FCS-M206,Aditi Roy,,,,,,,,,,,,,,,
FCS-M207,Ekta Kulkarni,,,,,,,,,,,,,,,
FCS-M208,Aditi Pillai,,,,,,,,,,,,,,,
FCS-M209,Rahul Pawar,,,,,,,,,,,,,,,
FCS-M210,Gauri Iyer,,,,,,,,,,,,,,,
FCS-M211,Aditi Choudhary,,,,,,,,,,,,,,,
FCS-M212,Garima Rajput,,,,,,,,,,,,,,,
FCS-M213,Yash Kashyap,,,,,,,,,,,,,,,
FCS-M214,Akash Singh,,,,,,,,,,,,,,,
FCS-M215,Radhika Agarwal,,,,,,,,,,,,,,,
FCS-M216,Bhavya Chawla,,,,,,,,,,,,,,,
FCS-M217,Bhavya Iyer,,,,,,,,,,,,,,,
FCS-M218,Vedant Agarwal,,,,,,,,,,,,,,,
FCS-M219,Arjun Patel,,,,,,,,,,,,,,,
FCS-M220,Tamanna Anand,,,,,,,,,,,,,,,
FCS-M221,Pranav Mittal,,,,,,,,,,,,,,,
FCS-M222,Drishti Goyal,,,,,,,,,,,,,,,
FCS-M223,Gauri Bose,,,,,,,,,,,,,,,
FCS-M224,Ekta Agarwal,,,,,,,,,,,,,,,
FCS-M225,Mansi Patil,,,,,,,,,,,,,,,
FCS-M226,Varun Patel,,,,,,,,,,,,,,,
FCS-M227,Sonali Joshi,,,,,,,,,,,,,,,
FCS-M228,Rohan Bajaj,,,,,,,,,,,,,,,
FCS-M229,Harsh Chauhan,,,,,,,,,,,,,,,
FCS-M230,Kabir Roy,,,,,,,,,,,,,,,
FCS-M231,Ritika Goyal,,,,,,,,,,,,,,,
FCS-M232,Avni Narula,,,,,,,,,,,,,,,
FCS-M233,Shruti Thakur,,,,,,,,,,,,,,,
FCS-M234,Ojasvi Singh,,,,,,,,,,,,,,,
FCS-M235,Trisha Pillai,,,,,,,,,,,,,,,
FCS-M236,Laksh Bhardwaj,,,,,,,,,,,,,,,
FCS-M237,Muskan Rao,,,,,,,,,,,,,,,
FCS-M238,Dhruv Rathore,,,,,,,,,,,,,,,
FCS-M239,Zoya Bose,,,,,,,,,,,,,,,
FCS-M240,Kritika Kohli,,,,,,,,,,,,,,,
FCS-M241,Swati Kohli,,,,,,,,,,,,,,,
FCS-M242,Tushar Patel,,,,,,,,,,,,,,,
FCS-M243,Sonali Singhal,,,,,,,,,,,,,,,
FCS-M244,Nandini Das,,,,,,,,,,,,,,,
FCS-M245,Vaishnavi Goyal,,,,,,,,,,,,,,,
FCS-M246,Siya Singh,,,,,,,,,,,,,,,
FCS-M247,Sameer Kashyap,,,,,,,,,,,,,,,
FCS-M248,Garima Patil,,,,,,,,,,,,,,,
FCS-M249,Trisha Sharma,,,,,,,,,,,,,,,
FCS-M250,Muskan Srivastava,,,,,,,,,,,,,,,
FCS-M251,Hina Ghosh,,,,,,,,,,,,,,,
FCS-M252,Uday Juneja,,,,,,,,,,,,,,,
FCS-M253,Upasana Khanna,,,,,,,,,,,,,,,
FCS-M254,Esha Roy,,,,,,,,,,,,,,,
FCS-M255,Trisha Chawla,,,,,,,,,,,,,,,
FCS-M256,Piyush Mathur,,,,,,,,,,,,,,,
FCS-M257,Yashika Singh,,,,,,,,,,,,,,,
FCS-M258,Manish Goyal,,,,,,,,,,,,,,,
FCS-M259,Meera Malhotra,,,,,,,,,,,,,,,
FCS-M260,Manish Chauhan,,,,,,,,,,,,,,,
FCS-M261,Aarav Khandelwal,,,,,,,,,,,,,,,
FCS-M262,Parul Gupta,,,,,,,,,,,,,,,
FCS-M263,Manish Mehta,,,,,,,,,,,,,,,
FCS-M264,Ekta Menon,,,,,,,,,,,,,,,
FCS-M265,Kanika Maheshwari,,,,,,,,,,,,,,,
FCS-M266,Tarun Goel,,,,,,,,,,,,,,,
FCS-M267,Radhika Chauhan,,,,,,,,,,,,,,,
FCS-M268,Kartik Singh,,,,,,,,,,,,,,,
FCS-M269,Rajat Mittal,,,,,,,,,,,,,,,
FCS-M270,Vedant Joshi,,,,,,,,,,,,,,,
FCS-M271,Parul Rao,,,,,,,,,,,,,,,
FCS-M272,Rashmi Prasad,,,,,,,,,,,,,,,
FCS-M273,Radhika Kashyap,,,,,,,,,,,,,,,
FCS-M274,Krishna Verma,,,,,,,,,,,,,,,
FCS-M275,Arjun Kapoor,,,,,,,,,,,,,,,
FCS-M276,Varun Mehta,,,,,,,,,,,,,,,
FCS-M277,Sneha Ahuja,,,,,,,,,,,,,,,
FCS-M278,Neha Dubey,,,,,,,,,,,,,,,
FCS-M279,Mansi Srivastava,,,,,,,,,,,,,,,
FCS-M280,Muskan Roy,,,,,,,,,,,,,,,
FCS-M281,Priya Sethi,,,,,,,,,,,,,,,
FCS-M282,Lavanya Patil,,,,,,,,,,,,,,,
FCS-M283,Aman Iyer,,,,,,,,,,,,,,,
FCS-M284,Varun Purohit,,,,,,,,,,,,,,,
FCS-M285,Aman Sodhi,,,,,,,,,,,,,,,
FCS-M286,Riya Purohit,,,,,,,,,,,,,,,
FCS-M287,Ayaan Mishra,,,,,,,,,,,,,,,
FCS-M288,Neeraj Singhal,,,,,,,,,,,,,,,
FCS-M289,Vani Menon,,,,,,,,,,,,,,,
FCS-M290,Saurabh Prasad,,,,,,,,,,,,,,,
FCS-M291,Kartik Singhal,,,,,,,,,,,,,,,
FCS-M292,Vani Purohit,,,,,,,,,,,,,,,
FCS-M293,Pranav Pandey,,,,,,,,,,,,,,,
FCS-M294,Aakriti Dutta,,,,,,,,,,,,,,,
FCS-M295,Yashika Malhotra,,,,,,,,,,,,,,,
FCS-M296,Vani Wadhwa,,,,,,,,,,,,,,,
FCS-M297,Sakshi Mehta,,,,,,,,,,,,,,,
FCS-M298,Siddharth Mishra,,,,,,,,,,,,,,,
FCS-M299,Rashmi Jadhav,,,,,,,,,,,,,,,
FCS-M300,Radhika Ahuja,,,,,,,,,,,,,,,
FCS-M301,Isha Mehta,,,,,,,,,,,,,,,
FCS-M302,Vani Saxena,,,,,,,,,,,,,,,
FCS-M303,Vedant Khandelwal,,,,,,,,,,,,,,,
FCS-M304,Esha Menon,,,,,,,,,,,,,,,
FCS-M305,Aarohi Patel,,,,,,,,,,,,,,,
FCS-M306,Harsh Rathore,,,,,,,,,,,,,,,
FCS-M307,Nikita Kulkarni,,,,,,,,,,,,,,,
FCS-M308,Aman Chawla,,,,,,,,,,,,,,,
FCS-M309,Akash Roy,,,,,,,,,,,,,,,
FCS-M310,Akash Singhal,,,,,,,,,,,,,,,
FCS-M311,Pranav Bose,,,,,,,,,,,,,,,
FCS-M312,Navya Desai,,,,,,,,,,,,,,,
FCS-M313,Palak Narula,,,,,,,,,,,,,,,
FCS-M314,Shruti Mishra,,,,,,,,,,,,,,,
FCS-M315,Pooja Ghosh,,,,,,,,,,,,,,,
FCS-M316,Akash Sethi,,,,,,,,,,,,,,,
FCS-M317,Riya Ghosh,,,,,,,,,,,,,,,
FCS-M318,Hina Patil,,,,,,,,,,,,,,,
FCS-M319,Urvashi Srivastava,,,,,,,,,,,,,,,
FCS-M320,Neeraj Joshi,,,,,,,,,,,,,,,
FCS-M321,Shreya Kashyap,,,,,,,,,,,,,,,
FCS-M322,Aditya Bajaj,,,,,,,,,,,,,,,
FCS-M323,Palak Bajaj,,,,,,,,,,,,,,,
FCS-M324,Charu Rajput,,,,,,,,,,,,,,,
FCS-M325,Nikhil Goel,,,,,,,,,,,,,,,
FCS-M326,Mansi Bansal,,,,,,,,,,,,,,,
FCS-M327,Isha Choudhary,,,,,,,,,,,,,,,
FCS-M328,Vivaan Sodhi,,,,,,,,,,,,,,,
FCS-M329,Rashmi Wadhwa,,,,,,,,,,,,,,,
FCS-M330,Dhruv Tiwari,,,,,,,,,,,,,,,
FCS-M331,Ekta Vyas,,,,,,,,,,,,,,,
FCS-M332,Simran Jain,,,,,,,,,,,,,,,
FCS-M333,Aditya Anand,,,,,,,,,,,,,,,
FCS-M334,Dhruv Desai,,,,,,,,,,,,,,,
FCS-M335,Gauri Maheshwari,,,,,,,,,,,,,,,
FCS-M336,Aditya Purohit,,,,,,,,,,,,,,,
FCS-M337,Kavya Srivastava,,,,,,,,,,,,,,,
FCS-M338,Aditi Singhal,,,,,,,,,,,,,,,
FCS-M339,Sonali Sharma,,,,,,,,,,,,,,,
FCS-M340,Shreya Khanna,,,,,,,,,,,,,,,
FCS-M341,Sonali Menon,,,,,,,,,,,,,,,
FCS-M342,Vivaan Singhal,,,,,,,,,,,,,,,
FCS-M343,Sakshi Purohit,,,,,,,,,,,,,,,
FCS-M344,Sonali Chauhan,,,,,,,,,,,,,,,
FCS-M345,Siya Narula,,,,,,,,,,,,,,,
FCS-M346,Swati Srivastava,,,,,,,,,,,,,,,
FCS-M347,Aman Vyas,,,,,,,,,,,,,,,
FCS-M348,Kunal Khanna,,,,,,,,,,,,,,,
FCS-M349,Kritika Thakur,,,,,,,,,,,,,,,
FCS-M350,Kunal Wadhwa,,,,,,,,,,,,,,,
FCS-M351,Khushi Wadhwa,,,,,,,,,,,,,,,
FCS-M352,Kanika Menon,,,,,,,,,,,,,,,
FCS-M353,Saanvi Kashyap,,,,,,,,,,,,,,,
FCS-M354,Urvashi Reddy,,,,,,,,,,,,,,,
FCS-M355,Kabir Bansal,,,,,,,,,,,,,,,
FCS-M356,Upasana Bhatia,,,,,,,,,,,,,,,
FCS-M357,Siddharth Agarwal,,,,,,,,,,,,,,,
FCS-M358,Gauri Mehta,,,,,,,,,,,,,,,
FCS-M359,Aditi Sodhi,,,,,,,,,,,,,,,
FCS-M360,Aarav Sodhi,,,,,,,,,,,,,,,
FCS-M361,Dhruv Maheshwari,,,,,,,,,,,,,,,
FCS-M362,Isha Arora,,,,,,,,,,,,,,,
FCS-M363,Neeraj Mittal,,,,,,,,,,,,,,,
FCS-M364,Rishi Joshi,,,,,,,,,,,,,,,
FCS-M365,Piyush Sethi,,,,,,,,,,,,,,,
FCS-M366,Neeraj Mathur,,,,,,,,,,,,,,,
FCS-M367,Shubham Juneja,,,,,,,,,,,,,,,
FCS-M368,Tamanna Verma,,,,,,,,,,,,,,,
FCS-M369,Sameer Joshi,,,,,,,,,,,,,,,
FCS-M370,Isha Dubey,,,,,,,,,,,,,,,
FCS-M371,Ojasvi Agarwal,,,,,,,,,,,,,,,
FCS-M372,Ojasvi Malhotra,,,,,,,,,,,,,,,
FCS-M373,Rashmi Verma,,,,,,,,,,,,,,,
FCS-M374,Aarohi Bose,,,,,,,,,,,,,,,
FCS-M375,Ojasvi Desai,,,,,,,,,,,,,,,
FCS-M376,Saanvi Kapoor,,,,,,,,,,,,,,,
FCS-M377,Avni Patil,,,,,,,,,,,,,,,
FCS-M378,Aman Rao,,,,,,,,,,,,,,,
FCS-M379,Vaishnavi Kashyap,,,,,,,,,,,,,,,
FCS-M380,Naina Dutta,,,,,,,,,,,,,,,
FCS-M381,Khushi Chawla,,,,,,,,,,,,,,,
FCS-M382,Nikhil Gill,,,,,,,,,,,,,,,
FCS-M383,Yashika Bansal,,,,,,,,,,,,,,,
FCS-M384,Vani Chawla,,,,,,,,,,,,,,,
FCS-M385,Mohit Bhatia,,,,,,,,,,,,,,,
FCS-M386,Uday Vyas,,,,,,,,,,,,,,,
FCS-M387,Ishaan Jain,,,,,,,,,,,,,,,
FCS-M388,Swati Mishra,,,,,,,,,,,,,,,
FCS-M389,Ekta Juneja,,,,,,,,,,,,,,,
FCS-M390,Naina Jain,,,,,,,,,,,,,,,
FCS-M391,Aman Ghosh,,,,,,,,,,,,,,,
FCS-M392,Kanika Kohli,,,,,,,,,,,,,,,
FCS-M393,Parul Tiwari,,,,,,,,,,,,,,,
FCS-M394,Kartik Reddy,,,,,,,,,,,,,,,
FCS-M395,Sameer Malhotra,,,,,,,,,,,,,,,
FCS-M396,Pooja Iyer,,,,,,,,,,,,,,,
FCS-M397,Manish Thakur,,,,,,,,,,,,,,,
FCS-M398,Pranav Malhotra,,,,,,,,,,,,,,,
FCS-M399,Naina Joshi,,,,,,,,,,,,,,,
FCS-M400,Ojasvi Patel,,,,,,,,,,,,,,,
FCS-M401,Reyansh Yadav,,,,,,,,,,,,,,,
FCS-M402,Shreya Yadav,,,,,,,,,,,,,,,
FCS-M403,Kunal Anand,,,,,,,,,,,,,,,
FCS-M404,Nandini Maheshwari,,,,,,,,,,,,,,,
FCS-M405,Deepika Rajput,,,,,,,,,,,,,,,
FCS-M406,Neha Bhatia,,,,,,,,,,,,,,,
FCS-M407,Kanika Bajaj,,,,,,,,,,,,,,,
FCS-M408,Vaishnavi Juneja,,,,,,,,,,,,,,,
FCS-M409,Swati Pawar,,,,,,,,,,,,,,,
FCS-M410,Mahima Bhatia,,,,,,,,,,,,,,,
FCS-M411,Jhanvi Bose,,,,,,,,,,,,,,,
FCS-M412,Shubham Wadhwa,,,,,,,,,,,,,,,
FCS-M413,Akash Bose,,,,,,,,,,,,,,,
FCS-M414,Vishal Kapoor,,,,,,,,,,,,,,,
FCS-M415,Yash Shah,,,,,,,,,,,,,,,
FCS-M416,Kritika Bhatia,,,,,,,,,,,,,,,
FCS-M417,Kanika Saini,,,,,,,,,,,,,,,
FCS-M418,Palak Joshi,,,,,,,,,,,,,,,
FCS-M419,Mohit Juneja,,,,,,,,,,,,,,,
FCS-M420,Krishna Ahuja,,,,,,,,,,,,,,,
FCS-M421,Aarohi Mishra,,,,,,,,,,,,,,,
FCS-M422,Uday Kapoor,,,,,,,,,,,,,,,
FCS-M423,Lavanya Vyas,,,,,,,,,,,,,,,
FCS-M424,Piyush Goyal,,,,,,,,,,,,,,,
FCS-M425,Varun Mathur,,,,,,,,,,,,,,,
FCS-M426,Vaishnavi Jadhav,,,,,,,,,,,,,,,
FCS-M427,Deepika Narula,,,,,,,,,,,,,,,
FCS-M428,Vaishnavi Gill,,,,,,,,,,,,,,,
FCS-M429,Dhruv Ahuja,,,,,,,,,,,,,,,
FCS-M430,Dhruv Goyal,,,,,,,,,,,,,,,
FCS-M431,Tamanna Pillai,,,,,,,,,,,,,,,
FCS-M432,Parul Maheshwari,,,,,,,,,,,,,,,
FCS-M433,Vedant Reddy,,,,,,,,,,,,,,,
FCS-M434,Shreya Tripathi,,,,,,,,,,,,,,,
FCS-M435,Harsh Kohli,,,,,,,,,,,,,,,
FCS-M436,Mahima Singh,,,,,,,,,,,,,,,
FCS-M437,Avni Singh,,,,,,,,,,,,,,,
FCS-M438,Kartik Pandey,,,,,,,,,,,,,,,
FCS-M439,Swati Kashyap,,,,,,,,,,,,,,,
FCS-M440,Manish Anand,,,,,,,,,,,,,,,
FCS-M441,Nandini Arora,,,,,,,,,,,,,,,
FCS-M442,Parul Chawla,,,,,,,,,,,,,,,
FCS-M443,Kanika Singhal,,,,,,,,,,,,,,,
FCS-M444,Tarun Menon,,,,,,,,,,,,,,,
FCS-M445,Trisha Prasad,,,,,,,,,,,,,,,
FCS-M446,Kartik Sodhi,,,,,,,,,,,,,,,
FCS-M447,Varun Kohli,,,,,,,,,,,,,,,
FCS-M448,Laksh Pawar,,,,,,,,,,,,,,,
FCS-M449,Muskan Vyas,,,,,,,,,,,,,,,
FCS-M450,Avni Jain,,,,,,,,,,,,,,,
FCS-M451,Kavya Patil,,,,,,,,,,,,,,,
FCS-M452,Radhika Reddy,,,,,,,,,,,,,,,
FCS-M453,Charu Yadav,,,,,,,,,,,,,,,
FCS-M454,Mahima Maheshwari,,,,,,,,,,,,,,,
FCS-M455,Manish Malhotra,,,,,,,,,,,,,,,
FCS-M456,Swati Mittal,,,,,,,,,,,,,,,
FCS-M457,Sameer Tripathi,,,,,,,,,,,,,,,
FCS-M458,Diya Iyer,,,,,,,,,,,,,,,
FCS-M459,Manish Desai,,,,,,,,,,,,,,,
FCS-M460,Ishita Kashyap,,,,,,,,,,,,,,,
FCS-M461,Ananya Kohli,,,,,,,,,,,,,,,
FCS-M462,Saanvi Mishra,,,,,,,,,,,,,,,
FCS-M463,Krishna Das,,,,,,,,,,,,,,,
FCS-M464,Vivaan Choudhary,,,,,,,,,,,,,,,
FCS-M465,Muskan Ahuja,,,,,,,,,,,,,,,
FCS-M466,Reyansh Chauhan,,,,,,,,,,,,,,,
FCS-M467,Vishal Malhotra,,,,,,,,,,,,,,,
FCS-M468,Avni Rao,,,,,,,,,,,,,,,
FCS-M469,Vani Tiwari,,,,,,,,,,,,,,,
FCS-M470,Nikita Rao,,,,,,,,,,,,,,,
FCS-M471,Palak Ghosh,,,,,,,,,,,,,,,
FCS-M472,Kritika Vyas,,,,,,,,,,,,,,,
FCS-M473,Tanvi Sodhi,,,,,,,,,,,,,,,
FCS-M474,Radhika Sodhi,,,,,,,,,,,,,,,
FCS-M475,Siya Tripathi,,,,,,,,,,,,,,,
FCS-M476,Urvashi Yadav,,,,,,,,,,,,,,,
FCS-M477,Yash Chawla,,,,,,,,,,,,,,,
FCS-M478,Kavya Desai,,,,,,,,,,,,,,,
FCS-M479,Naina Gill,,,,,,,,,,,,,,,
FCS-M480,Piyush Wadhwa,,,,,,,,,,,,,,,
FCS-M481,Vishal Goel,,,,,,,,,,,,,,,
FCS-M482,Nikhil Iyer,,,,,,,,,,,,,,,
FCS-M483,Vidhi Pandey,,,,,,,,,,,,,,,
FCS-M484,Ekta Ghosh,,,,,,,,,,,,,,,
FCS-M485,Neha Rathore,,,,,,,,,,,,,,,
FCS-M486,Hina Chauhan,,,,,,,,,,,,,,,
FCS-M487,Kritika Mishra,,,,,,,,,,,,,,,
FCS-M488,Sneha Pandey,,,,,,,,,,,,,,,
FCS-M489,Ojasvi Nair,,,,,,,,,,,,,,,
FCS-M490,Deepika Wadhwa,,,,,,,,,,,,,,,
FCS-M491,Urvashi Joshi,,,,,,,,,,,,,,,
FCS-M492,Vani Sodhi,,,,,,,,,,,,,,,
FCS-M493,Isha Bajaj,,,,,,,,,,,,,,,
FCS-M494,Dhruv Vyas,,,,,,,,,,,,,,,
FCS-M495,Sakshi Prasad,,,,,,,,,,,,,,,
FCS-M496,Ankit Goyal,,,,,,,,,,,,,,,
FCS-M497,Tushar Dutta,,,,,,,,,,,,,,,
FCS-M498,Kavya Bhardwaj,,,,,,,,,,,,,,,
FCS-M499,Piyush Rathore,,,,,,,,,,,,,,,
FCS-M500,Saanvi Goel,,,,,,,,,,,,,,,
